source_path,posterior_file,posterior_group,config_name,run_variant,row_unique_key,audit,labels_dgp,labels_fit,labels_leaf,labels_design,labels_nuisance_truth,run_id,run_dir,seed,stance,system,is_anchor_or_free,pi_true,R_true,pi_mean,pi_sd,pi_q01,pi_q05,pi_q10,pi_q50,pi_q90,pi_q95,pi_q99,pi_posterior_mean,pi_posterior_median,pi_posterior_sd,pi_posterior_central_80_low,pi_posterior_central_80_high,pi_prior_sd,pi_contraction,root_prior_kind,root_prior_alpha,root_prior_beta,root_prior_pi_fixed,root_log_prior_odds_used,log_B_mean,log_B_sd,log_B_q01,log_B_q05,log_B_q10,log_B_q50,log_B_q90,log_B_q95,log_B_q99,log_B_median,log_B_central_80_low,log_B_central_80_high,rho_sampled_pi_mean,rho_sampled_pi_sd,rho_sampled_pi_q01,rho_sampled_pi_q05,rho_sampled_pi_q10,rho_sampled_pi_q50,rho_sampled_pi_q90,rho_sampled_pi_q95,rho_sampled_pi_q99,rho_collapsed_mean,rho_collapsed_sd,rho_collapsed_q01,rho_collapsed_q05,rho_collapsed_q10,rho_collapsed_q50,rho_collapsed_q90,rho_collapsed_q95,rho_collapsed_q99,min_rho_sampled_pi,max_rho_sampled_pi,min_rho_collapsed,max_rho_collapsed,rho_sampled_pi_evidence_category,rho_collapsed_evidence_category,rho_mean,rho_median,rho_central_80_low,rho_central_80_high,rho_central_95_low,rho_central_95_high,brier_sampled_pi,brier_collapsed,log_score_sampled_pi,log_score_collapsed,brier,log_score,prior_root_prob,prior_brier,prior_log_score,delta_brier,delta_brier_collapsed,delta_log_score,delta_log_score_collapsed,entropy_prior,entropy_posterior,entropy_reduction,n_posterior_draws,nan_count_pi,inf_count_pi,nan_count_log_B,inf_count_log_B,nan_count_rho_sampled_pi,inf_count_rho_sampled_pi,nan_count_rho_collapsed,inf_count_rho_collapsed,pi_draws_shape,log_B_shape,rho_sampled_pi_shape,rho_collapsed_shape,shape_warning
notebooks/asymmetric_prior_sweep_2026-05-10/runs/synthetic/exact_latent_tree__full_exact_tree__three_state_binomial_2__exact_tree_production_medians__current_gwt_rater_design__seed20260506__pres85_abs15_sig50,notebooks/asymmetric_prior_sweep_2026-05-10/runs/synthetic/exact_latent_tree__full_exact_tree__three_state_binomial_2__exact_tree_production_medians__current_gwt_rater_design__seed20260506__pres85_abs15_sig50/fit.nc,posterior,full_exact_tree,full,notebooks/asymmetric_prior_sweep_2026-05-10/runs/synthetic/exact_latent_tree__full_exact_tree__three_state_binomial_2__exact_tree_production_medians__current_gwt_rater_design__seed20260506__pres85_abs15_sig50/fit.nc|posterior|Global Workspace Theory|Human,full_exact_fake_data_recovery,exact_latent_tree,full_exact_tree,three_state_binomial_2,current_gwt_rater_design,exact_tree_production_medians,exact_latent_tree__full_exact_tree__three_state_binomial_2__exact_tree_production_medians__current_gwt_rater_design__seed20260506__pres85_abs15_sig50,notebooks/asymmetric_prior_sweep_2026-05-10/runs/synthetic/exact_latent_tree__full_exact_tree__three_state_binomial_2__exact_tree_production_medians__current_gwt_rater_design__seed20260506__pres85_abs15_sig50,20260506,Global Workspace Theory,Human,hard_anchor,0.999,1,0.9990000000000002,2.220723657059018e-16,0.999,0.999,0.999,0.999,0.999,0.999,0.999,0.9990000000000002,0.999,2.220723657059018e-16,0.999,0.999,0.0,,hard_fixed_pi,,,0.999,6.906754778648553,6.014352259171993,1.1635205588042727,3.4446850332703094,4.162243149885319,4.5477614386137075,5.986609472503751,7.548528882979824,7.96768902974484,8.758677997744563,5.986609472503751,4.5477614386137075,7.548528882979824,0.999995247605995,8.288838612982177e-06,0.9999680542375493,0.9999844120531328,0.9999893986242224,0.9999974853231349,0.9999994725880353,0.9999996531742202,0.9999998427504462,0.9999952476059948,8.288838612928595e-06,0.9999680542375518,0.9999844120531275,0.9999893986242243,0.9999974853231299,0.999999472588035,0.9999996531742185,0.9999998427504432,0.9997637462439791,0.9999999814736358,0.9997637462439853,0.9999999814736368,strong_present,strong_present,0.999995247605995,0.9999974853231349,0.9999893986242223,0.9999994725880353,0.999978578418111,0.9999997565488102,2.2585248778684428e-11,2.2585248780794915e-11,-4.752405297652223e-06,-4.752405297874269e-06,2.2585248778684428e-11,-4.752405297652223e-06,0.16666666666666666,0.6944444444444445,-1.791759469228055,0.6944444444218593,0.6944444444218593,1.7917547168227572,1.791754716822757,0.45056120886630463,6.300182051402733e-05,0.4504982070457906,4000,0,0,0,0,0,0,0,0,"(4000,)","(4000,)","(4000,)","(4000,)",
notebooks/asymmetric_prior_sweep_2026-05-10/runs/synthetic/exact_latent_tree__full_exact_tree__three_state_binomial_2__exact_tree_production_medians__current_gwt_rater_design__seed20260506__pres85_abs15_sig50,notebooks/asymmetric_prior_sweep_2026-05-10/runs/synthetic/exact_latent_tree__full_exact_tree__three_state_binomial_2__exact_tree_production_medians__current_gwt_rater_design__seed20260506__pres85_abs15_sig50/fit.nc,posterior,full_exact_tree,full,notebooks/asymmetric_prior_sweep_2026-05-10/runs/synthetic/exact_latent_tree__full_exact_tree__three_state_binomial_2__exact_tree_production_medians__current_gwt_rater_design__seed20260506__pres85_abs15_sig50/fit.nc|posterior|Global Workspace Theory|Chicken,full_exact_fake_data_recovery,exact_latent_tree,full_exact_tree,three_state_binomial_2,current_gwt_rater_design,exact_tree_production_medians,exact_latent_tree__full_exact_tree__three_state_binomial_2__exact_tree_production_medians__current_gwt_rater_design__seed20260506__pres85_abs15_sig50,notebooks/asymmetric_prior_sweep_2026-05-10/runs/synthetic/exact_latent_tree__full_exact_tree__three_state_binomial_2__exact_tree_production_medians__current_gwt_rater_design__seed20260506__pres85_abs15_sig50,20260506,Global Workspace Theory,Chicken,free_target,0.25,0,0.16745777851068652,0.1390451270538708,0.0022878379182644194,0.011029668977004532,0.021885534557194334,0.13250196727417682,0.3685010878026851,0.44662955213414635,0.5954663394784815,0.16745777851068652,0.13250196727417682,0.1390451270538708,0.02188553455719432,0.3685010878026851,0.14085904245475275,0.987122478122307,free_beta,1.0,5.0,,-1.6094379124341003,-0.5013446572746978,1.1624581250860913,-3.068474424964291,-2.3723779747566285,-1.9709041438860766,-0.5188554228118392,0.9620666433462531,1.4165829314496186,2.2781735373341556,-0.5188554228118392,-1.9709041438860766,0.9620666433462531,0.1576008043594602,0.19520290164020968,0.000736675972498765,0.0033854221466455164,0.007240745450262968,0.0746568710481744,0.46070173135905423,0.6069764600118872,0.8318719031365882,0.153599848861297,0.14336930435879133,0.00921274273810773,0.018310221719797737,0.02711069766307891,0.10637712013897213,0.3435821610620439,0.4519351406159396,0.6612199856907018,3.866967057327097e-05,0.9766843478802198,0.0019195840778507454,0.9443831779326801,moderate_absent,moderate_absent,0.1576008043594602,0.0746568710481744,0.007240745450262956,0.46070173135905423,0.0015615044056789484,0.7282792409929686,0.02483801353474885,0.02359291357021328,-0.17150127300549126,-0.16676303931159744,0.02483801353474885,-0.17150127300549126,0.16666666666666666,0.027777777777777776,-0.1823215567939546,0.002939764243028928,0.004184864207564497,0.010820283788463336,0.015558517482357148,0.45056120886630463,0.43566996428627336,0.014891244580031271,4000,0,0,0,0,0,0,0,0,"(4000,)","(4000,)","(4000,)","(4000,)",
notebooks/asymmetric_prior_sweep_2026-05-10/runs/synthetic/exact_latent_tree__full_exact_tree__three_state_binomial_2__exact_tree_production_medians__current_gwt_rater_design__seed20260506__pres85_abs15_sig50,notebooks/asymmetric_prior_sweep_2026-05-10/runs/synthetic/exact_latent_tree__full_exact_tree__three_state_binomial_2__exact_tree_production_medians__current_gwt_rater_design__seed20260506__pres85_abs15_sig50/fit.nc,posterior,full_exact_tree,full,notebooks/asymmetric_prior_sweep_2026-05-10/runs/synthetic/exact_latent_tree__full_exact_tree__three_state_binomial_2__exact_tree_production_medians__current_gwt_rater_design__seed20260506__pres85_abs15_sig50/fit.nc|posterior|Global Workspace Theory|2024 Leading Chat LLMs,full_exact_fake_data_recovery,exact_latent_tree,full_exact_tree,three_state_binomial_2,current_gwt_rater_design,exact_tree_production_medians,exact_latent_tree__full_exact_tree__three_state_binomial_2__exact_tree_production_medians__current_gwt_rater_design__seed20260506__pres85_abs15_sig50,notebooks/asymmetric_prior_sweep_2026-05-10/runs/synthetic/exact_latent_tree__full_exact_tree__three_state_binomial_2__exact_tree_production_medians__current_gwt_rater_design__seed20260506__pres85_abs15_sig50,20260506,Global Workspace Theory,2024 Leading Chat LLMs,free_target,0.1,1,0.1791692543420545,0.14858439945342203,0.0019149020426308255,0.01174609153706466,0.022939316582894248,0.1382243611368949,0.3955546679393695,0.4752793734421861,0.6304200423894328,0.1791692543420545,0.1382243611368949,0.14858439945342203,0.022939316582894248,0.3955546679393695,0.14085904245475275,1.0548445940284654,free_beta,1.0,5.0,,-1.6094379124341003,0.10096094485488474,1.4276157595399643,-3.0809409633584477,-2.1575450274747223,-1.6783306174664971,0.032044227941099734,2.003139301200554,2.539407840908369,3.639907968096087,0.032044227941099734,-1.6783306174664974,2.003139301200554,0.244331030746976,0.26462053886257064,0.0007833971809848977,0.005126746197243244,0.010813993521700892,0.13028138694971014,0.6794351842287095,0.8314257137915255,0.9543042333112003,0.24586404231558523,0.21820107423291127,0.009099650958819807,0.0225991903787358,0.03599319483773139,0.17116492159065538,0.5971734120003115,0.7170676742010013,0.8839592877626903,4.327420523586743e-05,0.9938208667207536,0.0016597199433117744,0.9860959198679554,ambiguous,ambiguous,0.244331030746976,0.13028138694971014,0.010813993521700892,0.6794351842287095,0.0023405441630242247,0.9083451367678629,0.5710355910919277,0.5687210426725894,-1.4092312897630788,-1.4029765693439562,0.5710355910919277,-1.4092312897630788,0.16666666666666666,0.6944444444444445,-1.791759469228055,0.12340885335251683,0.12572340177185515,0.3825281794649762,0.38878289988409875,0.45056120886630463,0.5560210084672419,-0.10545979960093727,4000,0,0,0,0,0,0,0,0,"(4000,)","(4000,)","(4000,)","(4000,)",
notebooks/asymmetric_prior_sweep_2026-05-10/runs/synthetic/exact_latent_tree__full_exact_tree__three_state_binomial_2__exact_tree_production_medians__current_gwt_rater_design__seed20260506__pres85_abs15_sig50,notebooks/asymmetric_prior_sweep_2026-05-10/runs/synthetic/exact_latent_tree__full_exact_tree__three_state_binomial_2__exact_tree_production_medians__current_gwt_rater_design__seed20260506__pres85_abs15_sig50/fit.nc,posterior,full_exact_tree,full,notebooks/asymmetric_prior_sweep_2026-05-10/runs/synthetic/exact_latent_tree__full_exact_tree__three_state_binomial_2__exact_tree_production_medians__current_gwt_rater_design__seed20260506__pres85_abs15_sig50/fit.nc|posterior|Global Workspace Theory|ELIZA,full_exact_fake_data_recovery,exact_latent_tree,full_exact_tree,three_state_binomial_2,current_gwt_rater_design,exact_tree_production_medians,exact_latent_tree__full_exact_tree__three_state_binomial_2__exact_tree_production_medians__current_gwt_rater_design__seed20260506__pres85_abs15_sig50,notebooks/asymmetric_prior_sweep_2026-05-10/runs/synthetic/exact_latent_tree__full_exact_tree__three_state_binomial_2__exact_tree_production_medians__current_gwt_rater_design__seed20260506__pres85_abs15_sig50,20260506,Global Workspace Theory,ELIZA,hard_anchor,0.001,0,0.0010000000000000005,4.337350892693395e-19,0.001,0.001,0.001,0.001,0.001,0.001,0.001,0.0010000000000000005,0.001,4.337350892693395e-19,0.001,0.001,0.0,,hard_fixed_pi,,,0.001,-6.906754778648554,-2.8749413342768855,1.1161509340313256,-5.605749449479675,-4.7156548319931195,-4.30797060354613,-2.876613214975727,-1.4553495153202762,-1.0704900350436402,-0.35606829355108865,-2.876613214975727,-4.30797060354613,-1.4553495153202762,0.0001044517468159263,0.0001607744797924769,3.680331253792809e-06,8.962884270608382e-06,1.3474132046965432e-05,5.637843141035378e-05,0.00023349786770077662,0.00034306673654981474,0.0007006349095778135,0.0001044517468159256,0.000160774479792476,3.6803312537927728e-06,8.96288427060836e-06,1.3474132046965301e-05,5.637843141035349e-05,0.0002334978677007752,0.00034306673654981197,0.0007006349095778053,1.0615156527126174e-06,0.002781213665597551,1.061515652712609e-06,0.0027812136655975326,strong_absent,strong_absent,0.0001044517468159263,5.637843141035378e-05,1.3474132046965432e-05,0.00023349786770077662,6.177013609385468e-06,0.0004946243541446974,1.091016741289837e-08,1.0910167412898223e-08,-0.00010445720227954605,-0.00010445720227954605,1.091016741289837e-08,-0.00010445720227954605,0.16666666666666666,0.027777777777777776,-0.1823215567939546,0.027777766867610364,0.027777766867610364,0.18221709959167504,0.18221709959167504,0.45056120886630463,0.0010619330336351159,0.4494992758326695,4000,0,0,0,0,0,0,0,0,"(4000,)","(4000,)","(4000,)","(4000,)",
notebooks/asymmetric_prior_sweep_2026-05-10/runs/synthetic/exact_latent_tree__full_exact_tree__three_state_binomial_2__exact_tree_production_medians__current_gwt_rater_design__seed20260506__pres90_abs10_sig30,notebooks/asymmetric_prior_sweep_2026-05-10/runs/synthetic/exact_latent_tree__full_exact_tree__three_state_binomial_2__exact_tree_production_medians__current_gwt_rater_design__seed20260506__pres90_abs10_sig30/fit.nc,posterior,full_exact_tree,full,notebooks/asymmetric_prior_sweep_2026-05-10/runs/synthetic/exact_latent_tree__full_exact_tree__three_state_binomial_2__exact_tree_production_medians__current_gwt_rater_design__seed20260506__pres90_abs10_sig30/fit.nc|posterior|Global Workspace Theory|Human,full_exact_fake_data_recovery,exact_latent_tree,full_exact_tree,three_state_binomial_2,current_gwt_rater_design,exact_tree_production_medians,exact_latent_tree__full_exact_tree__three_state_binomial_2__exact_tree_production_medians__current_gwt_rater_design__seed20260506__pres90_abs10_sig30,notebooks/asymmetric_prior_sweep_2026-05-10/runs/synthetic/exact_latent_tree__full_exact_tree__three_state_binomial_2__exact_tree_production_medians__current_gwt_rater_design__seed20260506__pres90_abs10_sig30,20260506,Global Workspace Theory,Human,hard_anchor,0.999,1,0.9990000000000002,2.220723657059018e-16,0.999,0.999,0.999,0.999,0.999,0.999,0.999,0.9990000000000002,0.999,2.220723657059018e-16,0.999,0.999,0.0,,hard_fixed_pi,,,0.999,6.906754778648553,6.851805986688876,1.775887539922277,2.457648208905871,3.8798137836465534,4.597464081246703,6.920593026228275,9.136901236945828,9.704889130943636,10.663929365299056,6.920593026228275,4.597464081246703,9.136901236945828,0.9999930553036939,4.423763389142363e-05,0.9999142853775701,0.9999793250805319,0.9999899126549479,0.9999990117684285,0.9999998922719286,0.9999999389543587,0.99999997660355,0.999993055303694,4.4237633891435094e-05,0.9999142853775665,0.9999793250805301,0.9999899126549503,0.9999990117684268,0.9999998922719272,0.9999999389543541,0.9999999766035499,0.9986657954736566,0.9999999925360754,0.9986657954736505,0.9999999925360782,strong_present,strong_present,0.9999930553036939,0.9999990117684285,0.9999899126549479,0.9999998922719286,0.9999544805292974,0.999999962134342,4.8228806784411666e-11,4.822880678286963e-11,-6.944720420647629e-06,-6.944720420536606e-06,4.8228806784411666e-11,-6.944720420647629e-06,0.16666666666666666,0.6944444444444445,-1.791759469228055,0.6944444443962158,0.6944444443962158,1.7917525245076342,1.7917525245076344,0.45056120886630463,8.943052695876725e-05,0.4504717783393459,4000,0,0,0,0,0,0,0,0,"(4000,)","(4000,)","(4000,)","(4000,)",
notebooks/asymmetric_prior_sweep_2026-05-10/runs/synthetic/exact_latent_tree__full_exact_tree__three_state_binomial_2__exact_tree_production_medians__current_gwt_rater_design__seed20260506__pres90_abs10_sig30,notebooks/asymmetric_prior_sweep_2026-05-10/runs/synthetic/exact_latent_tree__full_exact_tree__three_state_binomial_2__exact_tree_production_medians__current_gwt_rater_design__seed20260506__pres90_abs10_sig30/fit.nc,posterior,full_exact_tree,full,notebooks/asymmetric_prior_sweep_2026-05-10/runs/synthetic/exact_latent_tree__full_exact_tree__three_state_binomial_2__exact_tree_production_medians__current_gwt_rater_design__seed20260506__pres90_abs10_sig30/fit.nc|posterior|Global Workspace Theory|Chicken,full_exact_fake_data_recovery,exact_latent_tree,full_exact_tree,three_state_binomial_2,current_gwt_rater_design,exact_tree_production_medians,exact_latent_tree__full_exact_tree__three_state_binomial_2__exact_tree_production_medians__current_gwt_rater_design__seed20260506__pres90_abs10_sig30,notebooks/asymmetric_prior_sweep_2026-05-10/runs/synthetic/exact_latent_tree__full_exact_tree__three_state_binomial_2__exact_tree_production_medians__current_gwt_rater_design__seed20260506__pres90_abs10_sig30,20260506,Global Workspace Theory,Chicken,free_target,0.25,0,0.15289145509241672,0.13064617214209678,0.0016187837313987037,0.009057002881345705,0.019159616572718377,0.1177754734887563,0.3400856590593776,0.40926652026344906,0.5546313523934902,0.15289145509241672,0.1177754734887563,0.13064617214209678,0.019159616572718377,0.3400856590593776,0.14085904245475275,0.9274958132990533,free_beta,1.0,5.0,,-1.6094379124341003,-1.659130447051408,1.3216406420275086,-4.539917167074643,-3.767000000276829,-3.3484169304054716,-1.7184522416628596,0.052160214677073144,0.6271312759446123,1.6036906609905743,-1.7184522416628596,-3.3484169304054716,0.052160214677073144,0.07097424328978494,0.12935076689146538,0.000130834957792703,0.000707902520734473,0.0018285648519310953,0.022473228608730356,0.19148676515334034,0.3389975972346172,0.6680702144350179,0.07085067345612288,0.09871817082114184,0.0021303131542698573,0.004602979785883868,0.0069789401114888,0.03462668928973464,0.1740376291480573,0.2724345089401424,0.4985631897727624,4.530453230748578e-08,0.9889096756421487,0.00028805258519831403,0.8145778589004777,moderate_absent,moderate_absent,0.07097424328978494,0.022473228608730356,0.001828564851931095,0.19148676515334034,0.00036004608422012197,0.512505496897471,0.005037343210557582,0.005019817929186155,-0.07361881535326445,-0.07348581407156833,0.005037343210557582,-0.07361881535326445,0.16666666666666666,0.027777777777777776,-0.1823215567939546,0.022740434567220195,0.022757959848591622,0.10870274144069014,0.10883574272238626,0.45056120886630463,0.2561517527766115,0.19440945608969312,4000,0,0,0,0,0,0,0,0,"(4000,)","(4000,)","(4000,)","(4000,)",
notebooks/asymmetric_prior_sweep_2026-05-10/runs/synthetic/exact_latent_tree__full_exact_tree__three_state_binomial_2__exact_tree_production_medians__current_gwt_rater_design__seed20260506__pres90_abs10_sig30,notebooks/asymmetric_prior_sweep_2026-05-10/runs/synthetic/exact_latent_tree__full_exact_tree__three_state_binomial_2__exact_tree_production_medians__current_gwt_rater_design__seed20260506__pres90_abs10_sig30/fit.nc,posterior,full_exact_tree,full,notebooks/asymmetric_prior_sweep_2026-05-10/runs/synthetic/exact_latent_tree__full_exact_tree__three_state_binomial_2__exact_tree_production_medians__current_gwt_rater_design__seed20260506__pres90_abs10_sig30/fit.nc|posterior|Global Workspace Theory|2024 Leading Chat LLMs,full_exact_fake_data_recovery,exact_latent_tree,full_exact_tree,three_state_binomial_2,current_gwt_rater_design,exact_tree_production_medians,exact_latent_tree__full_exact_tree__three_state_binomial_2__exact_tree_production_medians__current_gwt_rater_design__seed20260506__pres90_abs10_sig30,notebooks/asymmetric_prior_sweep_2026-05-10/runs/synthetic/exact_latent_tree__full_exact_tree__three_state_binomial_2__exact_tree_production_medians__current_gwt_rater_design__seed20260506__pres90_abs10_sig30,20260506,Global Workspace Theory,2024 Leading Chat LLMs,free_target,0.1,1,0.15939388409647592,0.134793345563888,0.00210459037072379,0.010541214447348065,0.02096622684881242,0.12257791593064013,0.35415534084499617,0.4341060536428712,0.5695453275240537,0.15939388409647592,0.12257791593064013,0.134793345563888,0.02096622684881242,0.35415534084499617,0.14085904245475275,0.9569378239042539,free_beta,1.0,5.0,,-1.6094379124341003,-2.008680207301022,2.135981395881742,-5.858924248513153,-4.8925982541846595,-4.452986766603056,-2.347087064416428,1.0106769140643848,2.2101927754350186,4.160329441425556,-2.347087064416428,-4.452986766603056,1.0106769140643848,0.10468558431080911,0.2218514874765583,6.325885998255638e-05,0.0003616085339778321,0.0007862975819354737,0.011824107661070577,0.38261100397643016,0.7420152165406578,0.9605495811021024,0.1041458045482247,0.2031563338983883,0.0005705394226067009,0.0014981334571276146,0.0023233371917204234,0.018770407147905756,0.3546272089528751,0.6458289879713367,0.92763329959762,4.084670683452046e-07,0.9983579041574067,9.884292593806994e-05,0.9956866482020474,moderate_absent,moderate_absent,0.10468558431080911,0.011824107661070577,0.0007862975819354729,0.38261100397643016,0.00015321942256688948,0.9068843535130525,0.8015879029408773,0.8025547395085477,-2.2567938562508116,-2.2619633948688174,0.8015879029408773,-2.2567938562508116,0.16666666666666666,0.6944444444444445,-1.791759469228055,-0.10714345849643281,-0.10811029506410319,-0.4650343870227567,-0.4702039256407624,0.45056120886630463,0.33525793805656506,0.11530327080973957,4000,0,0,0,0,0,0,0,0,"(4000,)","(4000,)","(4000,)","(4000,)",
notebooks/asymmetric_prior_sweep_2026-05-10/runs/synthetic/exact_latent_tree__full_exact_tree__three_state_binomial_2__exact_tree_production_medians__current_gwt_rater_design__seed20260506__pres90_abs10_sig30,notebooks/asymmetric_prior_sweep_2026-05-10/runs/synthetic/exact_latent_tree__full_exact_tree__three_state_binomial_2__exact_tree_production_medians__current_gwt_rater_design__seed20260506__pres90_abs10_sig30/fit.nc,posterior,full_exact_tree,full,notebooks/asymmetric_prior_sweep_2026-05-10/runs/synthetic/exact_latent_tree__full_exact_tree__three_state_binomial_2__exact_tree_production_medians__current_gwt_rater_design__seed20260506__pres90_abs10_sig30/fit.nc|posterior|Global Workspace Theory|ELIZA,full_exact_fake_data_recovery,exact_latent_tree,full_exact_tree,three_state_binomial_2,current_gwt_rater_design,exact_tree_production_medians,exact_latent_tree__full_exact_tree__three_state_binomial_2__exact_tree_production_medians__current_gwt_rater_design__seed20260506__pres90_abs10_sig30,notebooks/asymmetric_prior_sweep_2026-05-10/runs/synthetic/exact_latent_tree__full_exact_tree__three_state_binomial_2__exact_tree_production_medians__current_gwt_rater_design__seed20260506__pres90_abs10_sig30,20260506,Global Workspace Theory,ELIZA,hard_anchor,0.001,0,0.0010000000000000005,4.337350892693395e-19,0.001,0.001,0.001,0.001,0.001,0.001,0.001,0.0010000000000000005,0.001,4.337350892693395e-19,0.001,0.001,0.0,,hard_fixed_pi,,,0.001,-6.906754778648554,-5.183561877649874,1.5431424785120036,-8.366274792185688,-7.608267624143906,-7.131256979347673,-5.278828650434981,-3.105791129755705,-2.477774472519948,-1.2919320716280558,-5.278828650434981,-7.131256979347673,-3.105791129755705,2.0182828184438022e-05,5.6257224804224125e-05,2.328132409993447e-07,4.968276150144688e-07,8.005135649710029e-07,5.103476838276265e-06,4.4831993355229905e-05,8.400680669995667e-05,0.0002749394380896062,2.0182828184437876e-05,5.625722480422366e-05,2.3281324099934366e-07,4.968276150144634e-07,8.005135649709936e-07,5.103476838276233e-06,4.483199335522949e-05,8.40068066999564e-05,0.000274939438089606,5.143948724685848e-08,0.0014503197025028038,5.1439487246857967e-08,0.0014503197025027858,strong_absent,strong_absent,2.0182828184438022e-05,5.103476838276265e-06,8.005135649710026e-07,4.4831993355229905e-05,3.4367221098715716e-07,0.00014173948990079847,4.073465535225458e-10,4.073465535225399e-10,-2.0183031860406928e-05,-2.0183031860406928e-05,4.073465535225458e-10,-2.0183031860406928e-05,0.16666666666666666,0.027777777777777776,-0.1823215567939546,0.027777777370431224,0.027777777370431224,0.18230137376209418,0.18230137376209418,0.45056120886630463,0.00023837268931442077,0.4503228361769902,4000,0,0,0,0,0,0,0,0,"(4000,)","(4000,)","(4000,)","(4000,)",
notebooks/asymmetric_prior_sweep_2026-05-10/runs/synthetic/exact_latent_tree__full_exact_tree__three_state_binomial_2__exact_tree_production_medians__current_gwt_rater_design__seed20260506__pres95_abs05_sig30,notebooks/asymmetric_prior_sweep_2026-05-10/runs/synthetic/exact_latent_tree__full_exact_tree__three_state_binomial_2__exact_tree_production_medians__current_gwt_rater_design__seed20260506__pres95_abs05_sig30/fit.nc,posterior,full_exact_tree,full,notebooks/asymmetric_prior_sweep_2026-05-10/runs/synthetic/exact_latent_tree__full_exact_tree__three_state_binomial_2__exact_tree_production_medians__current_gwt_rater_design__seed20260506__pres95_abs05_sig30/fit.nc|posterior|Global Workspace Theory|Human,full_exact_fake_data_recovery,exact_latent_tree,full_exact_tree,three_state_binomial_2,current_gwt_rater_design,exact_tree_production_medians,exact_latent_tree__full_exact_tree__three_state_binomial_2__exact_tree_production_medians__current_gwt_rater_design__seed20260506__pres95_abs05_sig30,notebooks/asymmetric_prior_sweep_2026-05-10/runs/synthetic/exact_latent_tree__full_exact_tree__three_state_binomial_2__exact_tree_production_medians__current_gwt_rater_design__seed20260506__pres95_abs05_sig30,20260506,Global Workspace Theory,Human,hard_anchor,0.999,1,0.9990000000000002,2.220723657059018e-16,0.999,0.999,0.999,0.999,0.999,0.999,0.999,0.9990000000000002,0.999,2.220723657059018e-16,0.999,0.999,0.0,,hard_fixed_pi,,,0.999,6.906754778648553,7.521156367615078,2.358243345420214,1.1145144216186167,3.4366326797049678,4.428235639793131,7.685230105267422,10.371045612058763,11.167553687283661,12.333147420411226,7.685230105267422,4.42823563979313,10.371045612058763,0.9999802327257241,0.00022494945100140953,0.9996717027106342,0.9999677957174986,0.999988052649342,0.999999539975142,0.9999999686421209,0.9999999858606999,0.9999999955922523,0.9999802327257242,0.0002249494510014983,0.9996717027106337,0.9999677957174945,0.9999880526493423,0.999999539975142,0.999999968642122,0.9999999858606967,0.9999999955922482,0.9928944204555631,0.9999999997135376,0.9928944204555575,0.9999999997135334,strong_present,strong_present,0.9999802327257241,0.999999539975142,0.999988052649342,0.9999999686421209,0.9999184088005246,0.9999999918623999,3.907451322980115e-10,3.9074513229362226e-10,-1.9767469651024494e-05,-1.9767469650913468e-05,3.907451322980115e-10,-1.9767469651024494e-05,0.16666666666666666,0.6944444444444445,-1.791759469228055,0.6944444440536994,0.6944444440536994,1.791739701758404,1.791739701758404,0.45056120886630463,0.00023387597026402983,0.4503273328960406,4000,0,0,0,0,0,0,0,0,"(4000,)","(4000,)","(4000,)","(4000,)",
notebooks/asymmetric_prior_sweep_2026-05-10/runs/synthetic/exact_latent_tree__full_exact_tree__three_state_binomial_2__exact_tree_production_medians__current_gwt_rater_design__seed20260506__pres95_abs05_sig30,notebooks/asymmetric_prior_sweep_2026-05-10/runs/synthetic/exact_latent_tree__full_exact_tree__three_state_binomial_2__exact_tree_production_medians__current_gwt_rater_design__seed20260506__pres95_abs05_sig30/fit.nc,posterior,full_exact_tree,full,notebooks/asymmetric_prior_sweep_2026-05-10/runs/synthetic/exact_latent_tree__full_exact_tree__three_state_binomial_2__exact_tree_production_medians__current_gwt_rater_design__seed20260506__pres95_abs05_sig30/fit.nc|posterior|Global Workspace Theory|Chicken,full_exact_fake_data_recovery,exact_latent_tree,full_exact_tree,three_state_binomial_2,current_gwt_rater_design,exact_tree_production_medians,exact_latent_tree__full_exact_tree__three_state_binomial_2__exact_tree_production_medians__current_gwt_rater_design__seed20260506__pres95_abs05_sig30,notebooks/asymmetric_prior_sweep_2026-05-10/runs/synthetic/exact_latent_tree__full_exact_tree__three_state_binomial_2__exact_tree_production_medians__current_gwt_rater_design__seed20260506__pres95_abs05_sig30,20260506,Global Workspace Theory,Chicken,free_target,0.25,0,0.14359563857003105,0.1246343542045967,0.0019138523699696731,0.00826347334796738,0.017639963506417503,0.10784024822122698,0.3199790871921014,0.3948264446146725,0.5305771973743265,0.14359563857003105,0.10784024822122698,0.1246343542045967,0.017639963506417493,0.3199790871921014,0.14085904245475275,0.8848161398273895,free_beta,1.0,5.0,,-1.6094379124341003,-4.127763642836809,1.455352413584556,-7.37658453498358,-6.516144151882807,-5.98076896988729,-4.15503245155125,-2.2826036335085775,-1.729134491640542,-0.5759079396846466,-4.15503245155125,-5.980768969887292,-2.2826036335085775,0.009276020547850738,0.033887147829935266,1.0593832145445609e-05,5.263907672376212e-05,0.00012996130781529249,0.0017294136982126344,0.019633916244747595,0.034778724562124295,0.116213244255402,0.009383879639080342,0.026195771050712455,0.0001251312231144528,0.00029578495061890385,0.0005051272746963882,0.0031272464064182074,0.019995664194288842,0.03427139146228591,0.10107440853412471,2.5400636177619126e-07,0.8643476710352276,3.7763236880969725e-05,0.7506964685151619,strong_absent,strong_absent,0.009276020547850738,0.0017294136982126344,0.0001299613078152924,0.019633916244747595,2.632020686890101e-05,0.06392571326501302,8.60445572041491e-05,8.805719708074661e-05,-0.009319310741571791,-0.009428185630185208,8.60445572041491e-05,-0.009319310741571791,0.16666666666666666,0.027777777777777776,-0.1823215567939546,0.02769173322057363,0.02768972058069703,0.1730022460523828,0.17289337116376938,0.45056120886630463,0.05264763364393048,0.39791357522237414,4000,0,0,0,0,0,0,0,0,"(4000,)","(4000,)","(4000,)","(4000,)",
notebooks/asymmetric_prior_sweep_2026-05-10/runs/synthetic/exact_latent_tree__full_exact_tree__three_state_binomial_2__exact_tree_production_medians__current_gwt_rater_design__seed20260506__pres95_abs05_sig30,notebooks/asymmetric_prior_sweep_2026-05-10/runs/synthetic/exact_latent_tree__full_exact_tree__three_state_binomial_2__exact_tree_production_medians__current_gwt_rater_design__seed20260506__pres95_abs05_sig30/fit.nc,posterior,full_exact_tree,full,notebooks/asymmetric_prior_sweep_2026-05-10/runs/synthetic/exact_latent_tree__full_exact_tree__three_state_binomial_2__exact_tree_production_medians__current_gwt_rater_design__seed20260506__pres95_abs05_sig30/fit.nc|posterior|Global Workspace Theory|2024 Leading Chat LLMs,full_exact_fake_data_recovery,exact_latent_tree,full_exact_tree,three_state_binomial_2,current_gwt_rater_design,exact_tree_production_medians,exact_latent_tree__full_exact_tree__three_state_binomial_2__exact_tree_production_medians__current_gwt_rater_design__seed20260506__pres95_abs05_sig30,notebooks/asymmetric_prior_sweep_2026-05-10/runs/synthetic/exact_latent_tree__full_exact_tree__three_state_binomial_2__exact_tree_production_medians__current_gwt_rater_design__seed20260506__pres95_abs05_sig30,20260506,Global Workspace Theory,2024 Leading Chat LLMs,free_target,0.1,1,0.1439648741446208,0.12209353592330463,0.0018427745641509776,0.01084168114360188,0.019833232266339856,0.1107350906828184,0.316001433893654,0.38661086955891627,0.5409924534406156,0.1439648741446208,0.1107350906828184,0.12209353592330463,0.019833232266339856,0.316001433893654,0.14085904245475275,0.8667781194276112,free_beta,1.0,5.0,,-1.6094379124341003,-5.505582768496518,2.115604231993176,-9.56114548696362,-8.567513035105824,-7.9758820925586065,-5.733070994561757,-2.788974744304528,-1.7312995505087543,0.7072592480104739,-5.733070994561757,-7.9758820925586065,-2.788974744304528,0.011611598904751134,0.07282207989856555,1.2739546013191105e-06,1.0522934717925687e-05,2.403864536546797e-05,0.0003756605825170655,0.009530104517210414,0.027714283996716618,0.27523478900130166,0.011655383456471491,0.06583765633995028,1.4082286296744021e-05,3.8035588571939346e-05,6.872560419378969e-05,0.00064700533327826,0.012147468213148093,0.034199872855508,0.2886048468391736,1.4937773997760864e-08,0.9968844720316198,2.5436563315192528e-06,0.9949740476139523,strong_absent,strong_absent,0.011611598904751134,0.0003756605825170655,2.4038645365467964e-05,0.009530104517210414,4.3267831478155705e-06,0.0710091544833857,0.9769116314196225,0.9768250810505745,-4.455750774860421,-4.451987106437475,0.9769116314196225,-4.455750774860421,0.16666666666666666,0.6944444444444445,-1.791759469228055,-0.2824671869751779,-0.28238063660613,-2.6639913056323663,-2.66022763720942,0.45056120886630463,0.06328231265136705,0.3872788962149376,4000,0,0,0,0,0,0,0,0,"(4000,)","(4000,)","(4000,)","(4000,)",
notebooks/asymmetric_prior_sweep_2026-05-10/runs/synthetic/exact_latent_tree__full_exact_tree__three_state_binomial_2__exact_tree_production_medians__current_gwt_rater_design__seed20260506__pres95_abs05_sig30,notebooks/asymmetric_prior_sweep_2026-05-10/runs/synthetic/exact_latent_tree__full_exact_tree__three_state_binomial_2__exact_tree_production_medians__current_gwt_rater_design__seed20260506__pres95_abs05_sig30/fit.nc,posterior,full_exact_tree,full,notebooks/asymmetric_prior_sweep_2026-05-10/runs/synthetic/exact_latent_tree__full_exact_tree__three_state_binomial_2__exact_tree_production_medians__current_gwt_rater_design__seed20260506__pres95_abs05_sig30/fit.nc|posterior|Global Workspace Theory|ELIZA,full_exact_fake_data_recovery,exact_latent_tree,full_exact_tree,three_state_binomial_2,current_gwt_rater_design,exact_tree_production_medians,exact_latent_tree__full_exact_tree__three_state_binomial_2__exact_tree_production_medians__current_gwt_rater_design__seed20260506__pres95_abs05_sig30,notebooks/asymmetric_prior_sweep_2026-05-10/runs/synthetic/exact_latent_tree__full_exact_tree__three_state_binomial_2__exact_tree_production_medians__current_gwt_rater_design__seed20260506__pres95_abs05_sig30,20260506,Global Workspace Theory,ELIZA,hard_anchor,0.001,0,0.0010000000000000005,4.337350892693395e-19,0.001,0.001,0.001,0.001,0.001,0.001,0.001,0.0010000000000000005,0.001,4.337350892693395e-19,0.001,0.001,0.0,,hard_fixed_pi,,,0.001,-6.906754778648554,-8.657413972830456,1.5742927259721544,-12.177592427821798,-11.196261947008358,-10.645371345349798,-8.666623438747685,-6.6533004072702795,-6.011868018376942,-4.820077363764108,-8.666623438747685,-10.645371345349798,-6.6533004072702795,8.215812048604671e-07,6.337019221159628e-06,5.149598474305399e-09,1.3739159321083802e-08,2.3834633003309517e-08,1.7241210365173865e-07,1.2910487209497036e-06,2.4519578370362414e-06,8.074172213112361e-06,8.215812048604609e-07,6.3370192211595825e-06,5.149598474305391e-09,1.3739159321083736e-08,2.3834633003309378e-08,1.7241210365173677e-07,1.291048720949687e-06,2.451957837036229e-06,8.074172213112283e-06,1.1958173661660352e-09,0.0002644095933268323,1.1958173661660238e-09,0.0002644095933268316,strong_absent,strong_absent,8.215812048604671e-07,1.7241210365173865e-07,2.3834633003309517e-08,1.2910487209497036e-06,9.440831127279216e-09,4.14707812797447e-06,6.749956761799769e-13,6.749956761799666e-13,-8.215815423442341e-07,-8.215815423442341e-07,6.749956761799769e-13,-8.215815423442341e-07,0.16666666666666666,0.027777777777777776,-0.1823215567939546,0.02777777777710278,0.02777777777710278,0.18232073521241224,0.18232073521241224,0.45056120886630463,1.2333605510266426e-05,0.45054887526079435,4000,0,0,0,0,0,0,0,0,"(4000,)","(4000,)","(4000,)","(4000,)",
notebooks/sample_size_sweep_2026-05-10/runs/exact_latent_tree__full_exact_tree__three_state_binomial_2__exact_tree_production_medians__current_gwt_rater_design__seed20260506,notebooks/sample_size_sweep_2026-05-10/runs/exact_latent_tree__full_exact_tree__three_state_binomial_2__exact_tree_production_medians__current_gwt_rater_design__seed20260506/fit.nc,posterior,full_exact_tree,full,notebooks/sample_size_sweep_2026-05-10/runs/exact_latent_tree__full_exact_tree__three_state_binomial_2__exact_tree_production_medians__current_gwt_rater_design__seed20260506/fit.nc|posterior|Global Workspace Theory|Human,full_exact_fake_data_recovery,exact_latent_tree,full_exact_tree,three_state_binomial_2,current_gwt_rater_design,exact_tree_production_medians,exact_latent_tree__full_exact_tree__three_state_binomial_2__exact_tree_production_medians__current_gwt_rater_design__seed20260506,notebooks/sample_size_sweep_2026-05-10/runs/exact_latent_tree__full_exact_tree__three_state_binomial_2__exact_tree_production_medians__current_gwt_rater_design__seed20260506,20260506,Global Workspace Theory,Human,hard_anchor,0.999,1,0.9990000000000002,2.220723657059018e-16,0.999,0.999,0.999,0.999,0.999,0.999,0.999,0.9990000000000002,0.999,2.220723657059018e-16,0.999,0.999,0.0,,hard_fixed_pi,,,0.999,6.906754778648553,6.851805986688876,1.775887539922277,2.457648208905871,3.8798137836465534,4.597464081246703,6.920593026228275,9.136901236945828,9.704889130943636,10.663929365299056,6.920593026228275,4.597464081246703,9.136901236945828,0.9999930553036939,4.423763389142363e-05,0.9999142853775701,0.9999793250805319,0.9999899126549479,0.9999990117684285,0.9999998922719286,0.9999999389543587,0.99999997660355,0.999993055303694,4.4237633891435094e-05,0.9999142853775665,0.9999793250805301,0.9999899126549503,0.9999990117684268,0.9999998922719272,0.9999999389543541,0.9999999766035499,0.9986657954736566,0.9999999925360754,0.9986657954736505,0.9999999925360782,strong_present,strong_present,0.9999930553036939,0.9999990117684285,0.9999899126549479,0.9999998922719286,0.9999544805292974,0.999999962134342,4.8228806784411666e-11,4.822880678286963e-11,-6.944720420647629e-06,-6.944720420536606e-06,4.8228806784411666e-11,-6.944720420647629e-06,0.16666666666666666,0.6944444444444445,-1.791759469228055,0.6944444443962158,0.6944444443962158,1.7917525245076342,1.7917525245076344,0.45056120886630463,8.943052695876725e-05,0.4504717783393459,4000,0,0,0,0,0,0,0,0,"(4000,)","(4000,)","(4000,)","(4000,)",
notebooks/sample_size_sweep_2026-05-10/runs/exact_latent_tree__full_exact_tree__three_state_binomial_2__exact_tree_production_medians__current_gwt_rater_design__seed20260506,notebooks/sample_size_sweep_2026-05-10/runs/exact_latent_tree__full_exact_tree__three_state_binomial_2__exact_tree_production_medians__current_gwt_rater_design__seed20260506/fit.nc,posterior,full_exact_tree,full,notebooks/sample_size_sweep_2026-05-10/runs/exact_latent_tree__full_exact_tree__three_state_binomial_2__exact_tree_production_medians__current_gwt_rater_design__seed20260506/fit.nc|posterior|Global Workspace Theory|Chicken,full_exact_fake_data_recovery,exact_latent_tree,full_exact_tree,three_state_binomial_2,current_gwt_rater_design,exact_tree_production_medians,exact_latent_tree__full_exact_tree__three_state_binomial_2__exact_tree_production_medians__current_gwt_rater_design__seed20260506,notebooks/sample_size_sweep_2026-05-10/runs/exact_latent_tree__full_exact_tree__three_state_binomial_2__exact_tree_production_medians__current_gwt_rater_design__seed20260506,20260506,Global Workspace Theory,Chicken,free_target,0.25,0,0.15289145509241672,0.13064617214209678,0.0016187837313987037,0.009057002881345705,0.019159616572718377,0.1177754734887563,0.3400856590593776,0.40926652026344906,0.5546313523934902,0.15289145509241672,0.1177754734887563,0.13064617214209678,0.019159616572718377,0.3400856590593776,0.14085904245475275,0.9274958132990533,free_beta,1.0,5.0,,-1.6094379124341003,-1.659130447051408,1.3216406420275086,-4.539917167074643,-3.767000000276829,-3.3484169304054716,-1.7184522416628596,0.052160214677073144,0.6271312759446123,1.6036906609905743,-1.7184522416628596,-3.3484169304054716,0.052160214677073144,0.07097424328978494,0.12935076689146538,0.000130834957792703,0.000707902520734473,0.0018285648519310953,0.022473228608730356,0.19148676515334034,0.3389975972346172,0.6680702144350179,0.07085067345612288,0.09871817082114184,0.0021303131542698573,0.004602979785883868,0.0069789401114888,0.03462668928973464,0.1740376291480573,0.2724345089401424,0.4985631897727624,4.530453230748578e-08,0.9889096756421487,0.00028805258519831403,0.8145778589004777,moderate_absent,moderate_absent,0.07097424328978494,0.022473228608730356,0.001828564851931095,0.19148676515334034,0.00036004608422012197,0.512505496897471,0.005037343210557582,0.005019817929186155,-0.07361881535326445,-0.07348581407156833,0.005037343210557582,-0.07361881535326445,0.16666666666666666,0.027777777777777776,-0.1823215567939546,0.022740434567220195,0.022757959848591622,0.10870274144069014,0.10883574272238626,0.45056120886630463,0.2561517527766115,0.19440945608969312,4000,0,0,0,0,0,0,0,0,"(4000,)","(4000,)","(4000,)","(4000,)",
notebooks/sample_size_sweep_2026-05-10/runs/exact_latent_tree__full_exact_tree__three_state_binomial_2__exact_tree_production_medians__current_gwt_rater_design__seed20260506,notebooks/sample_size_sweep_2026-05-10/runs/exact_latent_tree__full_exact_tree__three_state_binomial_2__exact_tree_production_medians__current_gwt_rater_design__seed20260506/fit.nc,posterior,full_exact_tree,full,notebooks/sample_size_sweep_2026-05-10/runs/exact_latent_tree__full_exact_tree__three_state_binomial_2__exact_tree_production_medians__current_gwt_rater_design__seed20260506/fit.nc|posterior|Global Workspace Theory|2024 Leading Chat LLMs,full_exact_fake_data_recovery,exact_latent_tree,full_exact_tree,three_state_binomial_2,current_gwt_rater_design,exact_tree_production_medians,exact_latent_tree__full_exact_tree__three_state_binomial_2__exact_tree_production_medians__current_gwt_rater_design__seed20260506,notebooks/sample_size_sweep_2026-05-10/runs/exact_latent_tree__full_exact_tree__three_state_binomial_2__exact_tree_production_medians__current_gwt_rater_design__seed20260506,20260506,Global Workspace Theory,2024 Leading Chat LLMs,free_target,0.1,1,0.15939388409647592,0.134793345563888,0.00210459037072379,0.010541214447348065,0.02096622684881242,0.12257791593064013,0.35415534084499617,0.4341060536428712,0.5695453275240537,0.15939388409647592,0.12257791593064013,0.134793345563888,0.02096622684881242,0.35415534084499617,0.14085904245475275,0.9569378239042539,free_beta,1.0,5.0,,-1.6094379124341003,-2.008680207301022,2.135981395881742,-5.858924248513153,-4.8925982541846595,-4.452986766603056,-2.347087064416428,1.0106769140643848,2.2101927754350186,4.160329441425556,-2.347087064416428,-4.452986766603056,1.0106769140643848,0.10468558431080911,0.2218514874765583,6.325885998255638e-05,0.0003616085339778321,0.0007862975819354737,0.011824107661070577,0.38261100397643016,0.7420152165406578,0.9605495811021024,0.1041458045482247,0.2031563338983883,0.0005705394226067009,0.0014981334571276146,0.0023233371917204234,0.018770407147905756,0.3546272089528751,0.6458289879713367,0.92763329959762,4.084670683452046e-07,0.9983579041574067,9.884292593806994e-05,0.9956866482020474,moderate_absent,moderate_absent,0.10468558431080911,0.011824107661070577,0.0007862975819354729,0.38261100397643016,0.00015321942256688948,0.9068843535130525,0.8015879029408773,0.8025547395085477,-2.2567938562508116,-2.2619633948688174,0.8015879029408773,-2.2567938562508116,0.16666666666666666,0.6944444444444445,-1.791759469228055,-0.10714345849643281,-0.10811029506410319,-0.4650343870227567,-0.4702039256407624,0.45056120886630463,0.33525793805656506,0.11530327080973957,4000,0,0,0,0,0,0,0,0,"(4000,)","(4000,)","(4000,)","(4000,)",
notebooks/sample_size_sweep_2026-05-10/runs/exact_latent_tree__full_exact_tree__three_state_binomial_2__exact_tree_production_medians__current_gwt_rater_design__seed20260506,notebooks/sample_size_sweep_2026-05-10/runs/exact_latent_tree__full_exact_tree__three_state_binomial_2__exact_tree_production_medians__current_gwt_rater_design__seed20260506/fit.nc,posterior,full_exact_tree,full,notebooks/sample_size_sweep_2026-05-10/runs/exact_latent_tree__full_exact_tree__three_state_binomial_2__exact_tree_production_medians__current_gwt_rater_design__seed20260506/fit.nc|posterior|Global Workspace Theory|ELIZA,full_exact_fake_data_recovery,exact_latent_tree,full_exact_tree,three_state_binomial_2,current_gwt_rater_design,exact_tree_production_medians,exact_latent_tree__full_exact_tree__three_state_binomial_2__exact_tree_production_medians__current_gwt_rater_design__seed20260506,notebooks/sample_size_sweep_2026-05-10/runs/exact_latent_tree__full_exact_tree__three_state_binomial_2__exact_tree_production_medians__current_gwt_rater_design__seed20260506,20260506,Global Workspace Theory,ELIZA,hard_anchor,0.001,0,0.0010000000000000005,4.337350892693395e-19,0.001,0.001,0.001,0.001,0.001,0.001,0.001,0.0010000000000000005,0.001,4.337350892693395e-19,0.001,0.001,0.0,,hard_fixed_pi,,,0.001,-6.906754778648554,-5.183561877649874,1.5431424785120036,-8.366274792185688,-7.608267624143906,-7.131256979347673,-5.278828650434981,-3.105791129755705,-2.477774472519948,-1.2919320716280558,-5.278828650434981,-7.131256979347673,-3.105791129755705,2.0182828184438022e-05,5.6257224804224125e-05,2.328132409993447e-07,4.968276150144688e-07,8.005135649710029e-07,5.103476838276265e-06,4.4831993355229905e-05,8.400680669995667e-05,0.0002749394380896062,2.0182828184437876e-05,5.625722480422366e-05,2.3281324099934366e-07,4.968276150144634e-07,8.005135649709936e-07,5.103476838276233e-06,4.483199335522949e-05,8.40068066999564e-05,0.000274939438089606,5.143948724685848e-08,0.0014503197025028038,5.1439487246857967e-08,0.0014503197025027858,strong_absent,strong_absent,2.0182828184438022e-05,5.103476838276265e-06,8.005135649710026e-07,4.4831993355229905e-05,3.4367221098715716e-07,0.00014173948990079847,4.073465535225458e-10,4.073465535225399e-10,-2.0183031860406928e-05,-2.0183031860406928e-05,4.073465535225458e-10,-2.0183031860406928e-05,0.16666666666666666,0.027777777777777776,-0.1823215567939546,0.027777777370431224,0.027777777370431224,0.18230137376209418,0.18230137376209418,0.45056120886630463,0.00023837268931442077,0.4503228361769902,4000,0,0,0,0,0,0,0,0,"(4000,)","(4000,)","(4000,)","(4000,)",
notebooks/sample_size_sweep_2026-05-10/runs/exact_latent_tree__full_exact_tree__three_state_binomial_2__exact_tree_production_medians__current_gwt_rater_design__seed20260506__multK10,notebooks/sample_size_sweep_2026-05-10/runs/exact_latent_tree__full_exact_tree__three_state_binomial_2__exact_tree_production_medians__current_gwt_rater_design__seed20260506__multK10/fit.nc,posterior,full_exact_tree,full,notebooks/sample_size_sweep_2026-05-10/runs/exact_latent_tree__full_exact_tree__three_state_binomial_2__exact_tree_production_medians__current_gwt_rater_design__seed20260506__multK10/fit.nc|posterior|Global Workspace Theory|Human,full_exact_fake_data_recovery,exact_latent_tree,full_exact_tree,three_state_binomial_2,current_gwt_rater_design,exact_tree_production_medians,exact_latent_tree__full_exact_tree__three_state_binomial_2__exact_tree_production_medians__current_gwt_rater_design__seed20260506__multK10,notebooks/sample_size_sweep_2026-05-10/runs/exact_latent_tree__full_exact_tree__three_state_binomial_2__exact_tree_production_medians__current_gwt_rater_design__seed20260506__multK10,20260506,Global Workspace Theory,Human,hard_anchor,0.999,1,0.9990000000000002,2.220723657059018e-16,0.999,0.999,0.999,0.999,0.999,0.999,0.999,0.9990000000000002,0.999,2.220723657059018e-16,0.999,0.999,0.0,,hard_fixed_pi,,,0.999,6.906754778648553,6.143505783557256,10.158583223927097,-13.513775178547874,-12.477385535507135,-11.775721436117726,11.645260703429187,12.880256345597639,13.210495748619024,13.691870446795638,11.645260703429187,-11.775721436117726,12.880256345597639,0.7561204588707607,0.42298788987422803,0.0013490288222181603,0.0037936561118103304,0.007622748507376859,0.9999999912307658,0.9999999974495382,0.9999999981669134,0.9999999988672937,0.7561204588707608,0.4229878898742277,0.0013490288222182357,0.0037936561118102783,0.007622748507376933,0.9999999912307551,0.9999999974495885,0.9999999981668874,0.9999999988672585,9.321501603728368e-05,0.999999999509555,9.32150160372836e-05,0.9999999995095337,ambiguous,ambiguous,0.7561204588707607,0.9999999912307658,0.007622748507376856,0.9999999974495382,0.0023172970835090706,0.9999999985563732,0.0594772305814083,0.059477230581408254,-0.2795545783647805,-0.2795545783647803,0.0594772305814083,-0.2795545783647805,0.16666666666666666,0.6944444444444445,-1.791759469228055,0.6349672138630362,0.6349672138630362,1.5122048908632744,1.5122048908632746,0.45056120886630463,0.555510688580667,-0.10494947971436236,4000,0,0,0,0,0,0,0,0,"(4000,)","(4000,)","(4000,)","(4000,)",
notebooks/sample_size_sweep_2026-05-10/runs/exact_latent_tree__full_exact_tree__three_state_binomial_2__exact_tree_production_medians__current_gwt_rater_design__seed20260506__multK10,notebooks/sample_size_sweep_2026-05-10/runs/exact_latent_tree__full_exact_tree__three_state_binomial_2__exact_tree_production_medians__current_gwt_rater_design__seed20260506__multK10/fit.nc,posterior,full_exact_tree,full,notebooks/sample_size_sweep_2026-05-10/runs/exact_latent_tree__full_exact_tree__three_state_binomial_2__exact_tree_production_medians__current_gwt_rater_design__seed20260506__multK10/fit.nc|posterior|Global Workspace Theory|Chicken,full_exact_fake_data_recovery,exact_latent_tree,full_exact_tree,three_state_binomial_2,current_gwt_rater_design,exact_tree_production_medians,exact_latent_tree__full_exact_tree__three_state_binomial_2__exact_tree_production_medians__current_gwt_rater_design__seed20260506__multK10,notebooks/sample_size_sweep_2026-05-10/runs/exact_latent_tree__full_exact_tree__three_state_binomial_2__exact_tree_production_medians__current_gwt_rater_design__seed20260506__multK10,20260506,Global Workspace Theory,Chicken,free_target,0.25,0,0.17066434469731062,0.14223713502965873,0.0029712538176156016,0.011603095877595762,0.02275810340868844,0.13346228272306204,0.3800553980583915,0.45884134078483935,0.5928804926696875,0.17066434469731062,0.13346228272306204,0.14223713502965873,0.022758103408688432,0.3800553980583915,0.14085904245475275,1.0097834867459692,free_beta,1.0,5.0,,-1.6094379124341003,-2.3843012033101156,5.027174745567042,-12.463937955833671,-11.68876930870764,-11.161950142446539,-0.008148785028993188,1.5968945695541377,2.004123164721067,2.85974189716829,-0.008148785028993188,-11.16195014244654,1.5968945695541377,0.20610880667099432,0.25004993000746817,1.3575175045234456e-07,6.586938551828775e-07,1.5731515262055948e-06,0.09508837930763803,0.6184681751846177,0.7573610635034941,0.9111603140333545,0.20800923151368664,0.19748628545052171,7.726995093196259e-07,1.6775041761136078e-06,2.8408973339543835e-06,0.1655379835682499,0.4968642055949497,0.5974100503439757,0.7773524476601349,3.2955734744857636e-09,0.979089678006311,1.3665734608895838e-07,0.9324616413358708,ambiguous,ambiguous,0.20610880667099432,0.09508837930763803,1.5731515262055945e-06,0.6184681751846177,2.7408492678696646e-07,0.8537356188570305,0.042480840187341315,0.043267840394914485,-0.2308088632348715,-0.2332055431872669,0.042480840187341315,-0.2308088632348715,0.16666666666666666,0.027777777777777776,-0.1823215567939546,-0.014703062409563539,-0.015490062617136709,-0.048487306440916894,-0.05088398639331232,0.45056120886630463,0.508755286549553,-0.05819407768324841,4000,0,0,0,0,0,0,0,0,"(4000,)","(4000,)","(4000,)","(4000,)",
notebooks/sample_size_sweep_2026-05-10/runs/exact_latent_tree__full_exact_tree__three_state_binomial_2__exact_tree_production_medians__current_gwt_rater_design__seed20260506__multK10,notebooks/sample_size_sweep_2026-05-10/runs/exact_latent_tree__full_exact_tree__three_state_binomial_2__exact_tree_production_medians__current_gwt_rater_design__seed20260506__multK10/fit.nc,posterior,full_exact_tree,full,notebooks/sample_size_sweep_2026-05-10/runs/exact_latent_tree__full_exact_tree__three_state_binomial_2__exact_tree_production_medians__current_gwt_rater_design__seed20260506__multK10/fit.nc|posterior|Global Workspace Theory|2024 Leading Chat LLMs,full_exact_fake_data_recovery,exact_latent_tree,full_exact_tree,three_state_binomial_2,current_gwt_rater_design,exact_tree_production_medians,exact_latent_tree__full_exact_tree__three_state_binomial_2__exact_tree_production_medians__current_gwt_rater_design__seed20260506__multK10,notebooks/sample_size_sweep_2026-05-10/runs/exact_latent_tree__full_exact_tree__three_state_binomial_2__exact_tree_production_medians__current_gwt_rater_design__seed20260506__multK10,20260506,Global Workspace Theory,2024 Leading Chat LLMs,free_target,0.1,1,0.2135572531311035,0.15977641860773906,0.003667752448603806,0.016314560060658446,0.03464477284879094,0.17869236263882143,0.4430652554561702,0.5344555250183051,0.6610460362112928,0.2135572531311035,0.17869236263882143,0.15977641860773906,0.03464477284879091,0.4430652554561702,0.14085904245475275,1.1343000479295677,free_beta,1.0,5.0,,-1.6094379124341003,-1.4391885139380476,6.808989053793477,-14.599532297208475,-13.830992006679026,-13.289977513159238,1.9213405671382588,3.763414241492182,4.175195896273522,4.955533199769275,1.9213405671382588,-13.289977513159238,3.763414241492182,0.4926144790277322,0.38140282708628087,1.098170463466596e-08,5.836377269247334e-08,1.65921856278332e-07,0.568210237733737,0.9502548573770004,0.9705062520706464,0.9887135431879734,0.4928043769669975,0.3422146346766267,9.131323242293259e-08,1.9692803078456464e-07,3.3827231792667836e-07,0.5773496077921807,0.8960396071456174,0.928625041448766,0.965976677801814,3.987316651350926e-10,0.9982981612741633,1.3247987955047038e-08,0.9889511974133003,ambiguous,ambiguous,0.4926144790277322,0.568210237733737,1.6592185627833185e-07,0.9502548573770004,2.482629044690298e-08,0.9806748633732162,0.25744006689229953,0.25724740002383556,-0.7080284006547235,-0.707642984969889,0.25744006689229953,-0.7080284006547235,0.16666666666666666,0.6944444444444445,-1.791759469228055,0.437004377552145,0.43719704442060897,1.0837310685733315,1.0841164842581659,0.45056120886630463,0.6930380847525256,-0.24247687588622097,4000,0,0,0,0,0,0,0,0,"(4000,)","(4000,)","(4000,)","(4000,)",
notebooks/sample_size_sweep_2026-05-10/runs/exact_latent_tree__full_exact_tree__three_state_binomial_2__exact_tree_production_medians__current_gwt_rater_design__seed20260506__multK10,notebooks/sample_size_sweep_2026-05-10/runs/exact_latent_tree__full_exact_tree__three_state_binomial_2__exact_tree_production_medians__current_gwt_rater_design__seed20260506__multK10/fit.nc,posterior,full_exact_tree,full,notebooks/sample_size_sweep_2026-05-10/runs/exact_latent_tree__full_exact_tree__three_state_binomial_2__exact_tree_production_medians__current_gwt_rater_design__seed20260506__multK10/fit.nc|posterior|Global Workspace Theory|ELIZA,full_exact_fake_data_recovery,exact_latent_tree,full_exact_tree,three_state_binomial_2,current_gwt_rater_design,exact_tree_production_medians,exact_latent_tree__full_exact_tree__three_state_binomial_2__exact_tree_production_medians__current_gwt_rater_design__seed20260506__multK10,notebooks/sample_size_sweep_2026-05-10/runs/exact_latent_tree__full_exact_tree__three_state_binomial_2__exact_tree_production_medians__current_gwt_rater_design__seed20260506__multK10,20260506,Global Workspace Theory,ELIZA,hard_anchor,0.001,0,0.0010000000000000005,4.337350892693395e-19,0.001,0.001,0.001,0.001,0.001,0.001,0.001,0.0010000000000000005,0.001,4.337350892693395e-19,0.001,0.001,0.0,,hard_fixed_pi,,,0.001,-6.906754778648554,-5.0556611293669675,4.624255548225209,-14.483370283090164,-13.7255993879722,-13.131947615432864,-2.8195554830709852,-1.5232637728547844,-1.1665432859306235,-0.519356242741069,-2.8195554830709852,-13.131947615432864,-1.5232637728547844,9.504933267553793e-05,0.00013054161036047475,5.133183609073924e-10,1.095172274401595e-09,1.9829059920594724e-09,5.968857679754534e-05,0.0002181698621035124,0.0003116562409616843,0.0005951445757637485,9.50493326755345e-05,0.0001305416103604695,5.13318360907347e-10,1.0951722744016074e-09,1.9829059920593963e-09,5.968857679754299e-05,0.0002181698621034992,0.00031165624096166506,0.0005951445757637453,7.32759413711452e-11,0.0016482128368865655,7.327594137114641e-11,0.0016482128368865486,strong_absent,strong_absent,9.504933267553793e-05,5.968857679754534e-05,1.9829059920594724e-09,0.0002181698621035124,7.472642378474133e-10,0.0004304726498620754,9.034375642065083e-09,9.034375642064431e-09,-9.505385014964605e-05,-9.505385014964605e-05,9.034375642065083e-09,-9.505385014964605e-05,0.16666666666666666,0.027777777777777776,-0.1823215567939546,0.027777768743402133,0.027777768743402133,0.18222650294380494,0.18222650294380494,0.45056120886630463,0.0009753075693354533,0.4495859012969692,4000,0,0,0,0,0,0,0,0,"(4000,)","(4000,)","(4000,)","(4000,)",
notebooks/sample_size_sweep_2026-05-10/runs/exact_latent_tree__full_exact_tree__three_state_binomial_2__exact_tree_production_medians__current_gwt_rater_design__seed20260506__multK2,notebooks/sample_size_sweep_2026-05-10/runs/exact_latent_tree__full_exact_tree__three_state_binomial_2__exact_tree_production_medians__current_gwt_rater_design__seed20260506__multK2/fit.nc,posterior,full_exact_tree,full,notebooks/sample_size_sweep_2026-05-10/runs/exact_latent_tree__full_exact_tree__three_state_binomial_2__exact_tree_production_medians__current_gwt_rater_design__seed20260506__multK2/fit.nc|posterior|Global Workspace Theory|Human,full_exact_fake_data_recovery,exact_latent_tree,full_exact_tree,three_state_binomial_2,current_gwt_rater_design,exact_tree_production_medians,exact_latent_tree__full_exact_tree__three_state_binomial_2__exact_tree_production_medians__current_gwt_rater_design__seed20260506__multK2,notebooks/sample_size_sweep_2026-05-10/runs/exact_latent_tree__full_exact_tree__three_state_binomial_2__exact_tree_production_medians__current_gwt_rater_design__seed20260506__multK2,20260506,Global Workspace Theory,Human,hard_anchor,0.999,1,0.9990000000000002,2.220723657059018e-16,0.999,0.999,0.999,0.999,0.999,0.999,0.999,0.9990000000000002,0.999,2.220723657059018e-16,0.999,0.999,0.0,,hard_fixed_pi,,,0.999,6.906754778648553,10.288612555094929,0.7764937708070508,8.538178533450305,9.048985966143473,9.293888881240026,10.279304214061554,11.29188936800519,11.571225636476562,12.093839040299304,10.279304214061554,9.293888881240026,11.29188936800519,0.9999999541617566,4.026462269207956e-08,0.9999998039573335,0.9999998823721993,0.9999999079232751,0.9999999656292294,0.9999999875138401,0.999999990556877,0.9999999944005157,0.9999999541617567,4.026462247094963e-08,0.999999803957332,0.9999998823722123,0.9999999079232852,0.9999999656292191,0.999999987513829,0.9999999905568896,0.9999999944005294,0.9999993804836933,0.9999999969533633,0.9999993804836805,0.9999999969533493,strong_present,strong_present,0.9999999541617566,0.9999999656292294,0.9999999079232751,0.9999999875138401,0.9999998431033413,0.9999999927255281,2.101144560123691e-15,2.1011445499455564e-15,-4.583824447376307e-08,-4.583824436274076e-08,2.101144560123691e-15,-4.583824447376307e-08,0.16666666666666666,0.6944444444444445,-1.791759469228055,0.6944444444444424,0.6944444444444424,1.7917594233898104,1.7917594233898106,0.45056120886630463,8.204196218563059e-07,0.4505603884466828,4000,0,0,0,0,0,0,0,0,"(4000,)","(4000,)","(4000,)","(4000,)",
notebooks/sample_size_sweep_2026-05-10/runs/exact_latent_tree__full_exact_tree__three_state_binomial_2__exact_tree_production_medians__current_gwt_rater_design__seed20260506__multK2,notebooks/sample_size_sweep_2026-05-10/runs/exact_latent_tree__full_exact_tree__three_state_binomial_2__exact_tree_production_medians__current_gwt_rater_design__seed20260506__multK2/fit.nc,posterior,full_exact_tree,full,notebooks/sample_size_sweep_2026-05-10/runs/exact_latent_tree__full_exact_tree__three_state_binomial_2__exact_tree_production_medians__current_gwt_rater_design__seed20260506__multK2/fit.nc|posterior|Global Workspace Theory|Chicken,full_exact_fake_data_recovery,exact_latent_tree,full_exact_tree,three_state_binomial_2,current_gwt_rater_design,exact_tree_production_medians,exact_latent_tree__full_exact_tree__three_state_binomial_2__exact_tree_production_medians__current_gwt_rater_design__seed20260506__multK2,notebooks/sample_size_sweep_2026-05-10/runs/exact_latent_tree__full_exact_tree__three_state_binomial_2__exact_tree_production_medians__current_gwt_rater_design__seed20260506__multK2,20260506,Global Workspace Theory,Chicken,free_target,0.25,0,0.16649687150379702,0.1413980376301253,0.0021995591175505195,0.00982090859829392,0.020965413351015875,0.12861644896708424,0.374378429429884,0.44947371212772974,0.5992349908931441,0.16649687150379702,0.12861644896708424,0.1413980376301253,0.020965413351015864,0.374378429429884,0.14085904245475275,1.0038264861522517,free_beta,1.0,5.0,,-1.6094379124341003,-0.36552797619510147,0.9480491494479045,-2.4287802305247626,-1.8272603492076542,-1.55305542632027,-0.4059187392443562,0.8824263383557818,1.245282928713084,2.043638543056038,-0.4059187392443562,-1.5530554263202707,0.8824263383557818,0.1581261389868988,0.1869465175589158,0.0007812044035272772,0.004444051705472525,0.009446124347816382,0.08204750337121612,0.427382104020935,0.5899004587891361,0.8237039335734935,0.1553991986333275,0.12464114924343876,0.017323465575324097,0.03116803145462846,0.040601854155879864,0.11759997727017174,0.3258508798255679,0.4099541350016021,0.606876279566258,3.0313623255369845e-06,0.9671439170097643,0.005834683915851674,0.8180343036488145,moderate_absent,moderate_absent,0.1581261389868988,0.08204750337121612,0.00944612434781638,0.427382104020935,0.0020000278224214085,0.7013230063396186,0.025003875830904042,0.024148910935880372,-0.17212508473530444,-0.16889118767067615,0.025003875830904042,-0.17212508473530444,0.16666666666666666,0.027777777777777776,-0.1823215567939546,0.0027739019468737344,0.003628866841897404,0.010196472058650152,0.01343036912327844,0.45056120886630463,0.43654948584341563,0.014011723022889,4000,0,0,0,0,0,0,0,0,"(4000,)","(4000,)","(4000,)","(4000,)",
notebooks/sample_size_sweep_2026-05-10/runs/exact_latent_tree__full_exact_tree__three_state_binomial_2__exact_tree_production_medians__current_gwt_rater_design__seed20260506__multK2,notebooks/sample_size_sweep_2026-05-10/runs/exact_latent_tree__full_exact_tree__three_state_binomial_2__exact_tree_production_medians__current_gwt_rater_design__seed20260506__multK2/fit.nc,posterior,full_exact_tree,full,notebooks/sample_size_sweep_2026-05-10/runs/exact_latent_tree__full_exact_tree__three_state_binomial_2__exact_tree_production_medians__current_gwt_rater_design__seed20260506__multK2/fit.nc|posterior|Global Workspace Theory|2024 Leading Chat LLMs,full_exact_fake_data_recovery,exact_latent_tree,full_exact_tree,three_state_binomial_2,current_gwt_rater_design,exact_tree_production_medians,exact_latent_tree__full_exact_tree__three_state_binomial_2__exact_tree_production_medians__current_gwt_rater_design__seed20260506__multK2,notebooks/sample_size_sweep_2026-05-10/runs/exact_latent_tree__full_exact_tree__three_state_binomial_2__exact_tree_production_medians__current_gwt_rater_design__seed20260506__multK2,20260506,Global Workspace Theory,2024 Leading Chat LLMs,free_target,0.1,1,0.2101797400625804,0.15698321180193417,0.003635920970637911,0.01730533806351873,0.0341582974675012,0.17816492210869533,0.4380949040537597,0.5155266938584169,0.6500446875345202,0.2101797400625804,0.17816492210869533,0.15698321180193417,0.0341582974675012,0.4380949040537597,0.14085904245475275,1.1144702467529615,free_beta,1.0,5.0,,-1.6094379124341003,1.433229657050876,1.1880067020193161,-1.2647276624099708,-0.5046122088438834,-0.09407046467817962,1.4249296200201798,2.9619641252417863,3.369963862215371,4.200258459349753,1.4249296200201798,-0.09407046467817967,2.9619641252417863,0.46685016284064557,0.3053111789980422,0.0062277884632324825,0.027492586832050806,0.059288031791642964,0.4517319043367228,0.8907605783602178,0.9369002604519737,0.9784084015223696,0.46507721437863986,0.23432557697145195,0.0534461506812544,0.10773881719948328,0.15400760716039424,0.45400334601475606,0.7945422872359792,0.8532755167381589,0.9302684308187728,0.00013444507143388657,0.9965948183653529,0.02143310758392226,0.9938549019232207,ambiguous,ambiguous,0.46685016284064557,0.4517319043367228,0.059288031791642944,0.8907605783602178,0.012663117635705599,0.9600169189867762,0.2842487488630461,0.28614238657691554,-0.7617469232450539,-0.7655518347527765,0.2842487488630461,-0.7617469232450539,0.16666666666666666,0.6944444444444445,-1.791759469228055,0.41019569558139846,0.408302057867529,1.0300125459830012,1.0262076344752784,0.45056120886630463,0.6909477441722531,-0.2403865353059485,4000,0,0,0,0,0,0,0,0,"(4000,)","(4000,)","(4000,)","(4000,)",
notebooks/sample_size_sweep_2026-05-10/runs/exact_latent_tree__full_exact_tree__three_state_binomial_2__exact_tree_production_medians__current_gwt_rater_design__seed20260506__multK2,notebooks/sample_size_sweep_2026-05-10/runs/exact_latent_tree__full_exact_tree__three_state_binomial_2__exact_tree_production_medians__current_gwt_rater_design__seed20260506__multK2/fit.nc,posterior,full_exact_tree,full,notebooks/sample_size_sweep_2026-05-10/runs/exact_latent_tree__full_exact_tree__three_state_binomial_2__exact_tree_production_medians__current_gwt_rater_design__seed20260506__multK2/fit.nc|posterior|Global Workspace Theory|ELIZA,full_exact_fake_data_recovery,exact_latent_tree,full_exact_tree,three_state_binomial_2,current_gwt_rater_design,exact_tree_production_medians,exact_latent_tree__full_exact_tree__three_state_binomial_2__exact_tree_production_medians__current_gwt_rater_design__seed20260506__multK2,notebooks/sample_size_sweep_2026-05-10/runs/exact_latent_tree__full_exact_tree__three_state_binomial_2__exact_tree_production_medians__current_gwt_rater_design__seed20260506__multK2,20260506,Global Workspace Theory,ELIZA,hard_anchor,0.001,0,0.0010000000000000005,4.337350892693395e-19,0.001,0.001,0.001,0.001,0.001,0.001,0.001,0.0010000000000000005,0.001,4.337350892693395e-19,0.001,0.001,0.0,,hard_fixed_pi,,,0.001,-6.906754778648554,-2.4623445184670625,0.8908655135617997,-4.555484228307386,-3.887472398611395,-3.5694899110996374,-2.491481323861109,-1.3184996447419282,-1.019371338822011,-0.27814158852506504,-2.491481323861109,-3.5694899110996374,-1.3184996447419282,0.00012983406795582156,0.00016808292734915678,1.0519820207170581e-05,2.0517202441255318e-05,2.8197622682111268e-05,8.286325312886311e-05,0.0002677325129353877,0.00036105250580487747,0.0007573736545537324,0.0001298340679558206,0.00016808292734915527,1.0519820207170581e-05,2.0517202441255433e-05,2.8197622682110922e-05,8.286325312886292e-05,0.00026773251293538743,0.0003610525058048778,0.0007573736545537172,4.4447733865699295e-06,0.003839352391721457,4.4447733865698685e-06,0.003839352391721395,strong_absent,strong_absent,0.00012983406795582156,8.286325312886311e-05,2.8197622682111268e-05,0.0002677325129353877,1.538634796943146e-05,0.0005193425014060743,1.685688520195689e-08,1.6856885201956643e-08,-0.00012984249712806318,-0.00012984249712806318,1.685688520195689e-08,-0.00012984249712806318,0.16666666666666666,0.027777777777777776,-0.1823215567939546,0.027777760920892573,0.027777760920892573,0.18219171429682654,0.18219171429682654,0.45056120886630463,0.0012917436032590535,0.44926946526304556,4000,0,0,0,0,0,0,0,0,"(4000,)","(4000,)","(4000,)","(4000,)",
notebooks/sample_size_sweep_2026-05-10/runs/exact_latent_tree__full_exact_tree__three_state_binomial_2__exact_tree_production_medians__current_gwt_rater_design__seed20260506__multK20,notebooks/sample_size_sweep_2026-05-10/runs/exact_latent_tree__full_exact_tree__three_state_binomial_2__exact_tree_production_medians__current_gwt_rater_design__seed20260506__multK20/fit.nc,posterior,full_exact_tree,full,notebooks/sample_size_sweep_2026-05-10/runs/exact_latent_tree__full_exact_tree__three_state_binomial_2__exact_tree_production_medians__current_gwt_rater_design__seed20260506__multK20/fit.nc|posterior|Global Workspace Theory|Human,full_exact_fake_data_recovery,exact_latent_tree,full_exact_tree,three_state_binomial_2,current_gwt_rater_design,exact_tree_production_medians,exact_latent_tree__full_exact_tree__three_state_binomial_2__exact_tree_production_medians__current_gwt_rater_design__seed20260506__multK20,notebooks/sample_size_sweep_2026-05-10/runs/exact_latent_tree__full_exact_tree__three_state_binomial_2__exact_tree_production_medians__current_gwt_rater_design__seed20260506__multK20,20260506,Global Workspace Theory,Human,hard_anchor,0.999,1,0.9990000000000002,2.220723657059018e-16,0.999,0.999,0.999,0.999,0.999,0.999,0.999,0.9990000000000002,0.999,2.220723657059018e-16,0.999,0.999,0.0,,hard_fixed_pi,,,0.999,6.906754778648553,5.781849952301221,10.781177024181599,-14.391932465436872,-13.633538354642212,-13.09059926210075,11.648111934588883,12.85456473857064,13.180451950255735,13.782587319076015,11.648111934588883,-13.09059926210075,12.85456473857064,0.7509995227235841,0.43134080589062673,0.0005610350442800312,0.0011969468767915623,0.0020582387669975492,0.9999999912556632,0.9999999973832245,0.9999999981110363,0.9999999989655157,0.7509995227235813,0.4313408058906255,0.0005610350442799776,0.001196946876791239,0.0020582387669970813,0.9999999912557256,0.9999999973832151,0.9999999981109783,0.9999999989654941,0.00010893171113139158,0.999999999697593,0.00010893171113137411,0.999999999697663,ambiguous,ambiguous,0.7509995227235841,0.9999999912556632,0.002058238766997549,0.9999999973832245,0.0008508886606112516,0.9999999985208546,0.06200123768388293,0.06200123768388432,-0.28635026273939723,-0.28635026273940095,0.06200123768388293,-0.28635026273939723,0.16666666666666666,0.6944444444444445,-1.791759469228055,0.6324432067605616,0.6324432067605602,1.5054092064886577,1.505409206488654,0.45056120886630463,0.5612343901775649,-0.1106731813112603,4000,0,0,0,0,0,0,0,0,"(4000,)","(4000,)","(4000,)","(4000,)",
notebooks/sample_size_sweep_2026-05-10/runs/exact_latent_tree__full_exact_tree__three_state_binomial_2__exact_tree_production_medians__current_gwt_rater_design__seed20260506__multK20,notebooks/sample_size_sweep_2026-05-10/runs/exact_latent_tree__full_exact_tree__three_state_binomial_2__exact_tree_production_medians__current_gwt_rater_design__seed20260506__multK20/fit.nc,posterior,full_exact_tree,full,notebooks/sample_size_sweep_2026-05-10/runs/exact_latent_tree__full_exact_tree__three_state_binomial_2__exact_tree_production_medians__current_gwt_rater_design__seed20260506__multK20/fit.nc|posterior|Global Workspace Theory|Chicken,full_exact_fake_data_recovery,exact_latent_tree,full_exact_tree,three_state_binomial_2,current_gwt_rater_design,exact_tree_production_medians,exact_latent_tree__full_exact_tree__three_state_binomial_2__exact_tree_production_medians__current_gwt_rater_design__seed20260506__multK20,notebooks/sample_size_sweep_2026-05-10/runs/exact_latent_tree__full_exact_tree__three_state_binomial_2__exact_tree_production_medians__current_gwt_rater_design__seed20260506__multK20,20260506,Global Workspace Theory,Chicken,free_target,0.25,0,0.17337269767834768,0.14206822876333092,0.002089882238433682,0.011244586851718334,0.022394444830352245,0.1387158814387724,0.3700195345776167,0.45759776942220476,0.6148882753637702,0.17337269767834768,0.1387158814387724,0.14206822876333092,0.02239444483035224,0.3700195345776167,0.14085904245475275,1.0085843712090161,free_beta,1.0,5.0,,-1.6094379124341003,-2.3636688726444355,5.0415710196283,-12.438615289160698,-11.65371539590949,-11.140013369835014,0.03475977903144667,1.6357575390894907,2.0236353045607975,2.6549328777449506,0.03475977903144667,-11.140013369835014,1.6357575390894907,0.21417299222598007,0.2519734610388791,1.0546847609951185e-07,6.397710047963916e-07,1.6221664450895177e-06,0.10771173389237937,0.6303516349350403,0.7567192718378517,0.8911413707753347,0.21253266205670254,0.1983055094339481,7.925153435050385e-07,1.737340536686441e-06,2.903905038841517e-06,0.17155050974649744,0.5065795261866927,0.602093889193322,0.739908287631722,1.0372644052373414e-08,0.9846360218411301,1.3106790111767906e-07,0.8918715617105829,ambiguous,ambiguous,0.21417299222598007,0.10771173389237937,1.6221664450895145e-06,0.6303516349350403,2.7800975354227927e-07,0.8373050680390988,0.04587007059902972,0.04517013244090853,-0.2410186026672649,-0.2389333847700453,0.04587007059902972,-0.2410186026672649,0.16666666666666666,0.027777777777777776,-0.1823215567939546,-0.018092292821251944,-0.01739235466313075,-0.058697045873310316,-0.05661182797609071,0.45056120886630463,0.5194333435378032,-0.06887213467149861,4000,0,0,0,0,0,0,0,0,"(4000,)","(4000,)","(4000,)","(4000,)",
notebooks/sample_size_sweep_2026-05-10/runs/exact_latent_tree__full_exact_tree__three_state_binomial_2__exact_tree_production_medians__current_gwt_rater_design__seed20260506__multK20,notebooks/sample_size_sweep_2026-05-10/runs/exact_latent_tree__full_exact_tree__three_state_binomial_2__exact_tree_production_medians__current_gwt_rater_design__seed20260506__multK20/fit.nc,posterior,full_exact_tree,full,notebooks/sample_size_sweep_2026-05-10/runs/exact_latent_tree__full_exact_tree__three_state_binomial_2__exact_tree_production_medians__current_gwt_rater_design__seed20260506__multK20/fit.nc|posterior|Global Workspace Theory|2024 Leading Chat LLMs,full_exact_fake_data_recovery,exact_latent_tree,full_exact_tree,three_state_binomial_2,current_gwt_rater_design,exact_tree_production_medians,exact_latent_tree__full_exact_tree__three_state_binomial_2__exact_tree_production_medians__current_gwt_rater_design__seed20260506__multK20,notebooks/sample_size_sweep_2026-05-10/runs/exact_latent_tree__full_exact_tree__three_state_binomial_2__exact_tree_production_medians__current_gwt_rater_design__seed20260506__multK20,20260506,Global Workspace Theory,2024 Leading Chat LLMs,free_target,0.1,1,0.2129123843726194,0.15684089008778415,0.0040928960504821085,0.01818552568493831,0.034014102475791556,0.18077452698139856,0.4417457587047906,0.5114999426929673,0.6488103939602075,0.2129123843726194,0.18077452698139856,0.15684089008778415,0.03401410247579155,0.4417457587047906,0.14085904245475275,1.1134598628140266,free_beta,1.0,5.0,,-1.6094379124341003,-1.4427754558900414,6.796741910933151,-14.5255297357187,-13.792788460634256,-13.292143086372016,1.9301897477853345,3.7871285752461517,4.165672994574651,4.833550209048444,1.9301897477853345,-13.292143086372016,3.7871285752461517,0.4949202897892876,0.3786873828465955,1.1941103108065468e-08,6.02911321562558e-08,1.651550501113129e-07,0.5777922487850772,0.9479011126085489,0.9693147270027465,0.9874891754869457,0.49178661458179124,0.342376065985751,9.832696980279093e-08,2.0459640190332267e-07,3.3754019436286273e-07,0.5795074610085349,0.8982281552297827,0.9279912614063618,0.9617316504659107,9.943936889407061e-10,0.998184793018932,2.08925238946823e-08,0.9891471406252903,ambiguous,ambiguous,0.4949202897892876,0.5777922487850772,1.651550501113129e-07,0.9479011126085489,2.836893683611814e-08,0.9794481117306871,0.2551055136665372,0.25828084511823673,-0.7033585601089986,-0.709710366768912,0.2551055136665372,-0.7033585601089986,0.16666666666666666,0.6944444444444445,-1.791759469228055,0.4393389307779073,0.4361635993262078,1.0884009091190565,1.082049102459143,0.45056120886630463,0.6930955727605013,-0.24253436389419664,4000,0,0,0,0,0,0,0,0,"(4000,)","(4000,)","(4000,)","(4000,)",
notebooks/sample_size_sweep_2026-05-10/runs/exact_latent_tree__full_exact_tree__three_state_binomial_2__exact_tree_production_medians__current_gwt_rater_design__seed20260506__multK20,notebooks/sample_size_sweep_2026-05-10/runs/exact_latent_tree__full_exact_tree__three_state_binomial_2__exact_tree_production_medians__current_gwt_rater_design__seed20260506__multK20/fit.nc,posterior,full_exact_tree,full,notebooks/sample_size_sweep_2026-05-10/runs/exact_latent_tree__full_exact_tree__three_state_binomial_2__exact_tree_production_medians__current_gwt_rater_design__seed20260506__multK20/fit.nc|posterior|Global Workspace Theory|ELIZA,full_exact_fake_data_recovery,exact_latent_tree,full_exact_tree,three_state_binomial_2,current_gwt_rater_design,exact_tree_production_medians,exact_latent_tree__full_exact_tree__three_state_binomial_2__exact_tree_production_medians__current_gwt_rater_design__seed20260506__multK20,notebooks/sample_size_sweep_2026-05-10/runs/exact_latent_tree__full_exact_tree__three_state_binomial_2__exact_tree_production_medians__current_gwt_rater_design__seed20260506__multK20,20260506,Global Workspace Theory,ELIZA,hard_anchor,0.001,0,0.0010000000000000005,4.337350892693395e-19,0.001,0.001,0.001,0.001,0.001,0.001,0.001,0.0010000000000000005,0.001,4.337350892693395e-19,0.001,0.001,0.0,,hard_fixed_pi,,,0.001,-6.906754778648554,-5.06370912773759,4.636979213744337,-14.441224172747958,-13.720947841721193,-13.202683234073811,-2.794136051182477,-1.5208269609068568,-1.1861519390140303,-0.5999065258340311,-2.794136051182477,-13.202683234073811,-1.5208269609068568,9.501254672506543e-05,0.00014748403207963983,5.354150162100719e-10,1.1002783854959576e-09,1.8474899503718816e-09,6.122525421789187e-05,0.00021870202912561992,0.00030560645797197424,0.0005491110418379888,9.501254672508352e-05,0.00014748403207966645,5.354150162101965e-10,1.1002783854961125e-09,1.8474899503723845e-09,6.122525421790124e-05,0.00021870202912566277,0.00030560645797206336,0.0005491110418381476,1.091679756921665e-10,0.004104915928995032,1.0916797569218432e-10,0.004104915928995547,strong_absent,strong_absent,9.501254672506543e-05,6.122525421789187e-05,1.8474899503718812e-09,0.00021870202912561992,7.920532266201708e-10,0.0003980342179043731,9.027384035182741e-09,9.027384035186179e-09,-9.501706070300243e-05,-9.501706070300243e-05,9.027384035182741e-09,-9.501706070300243e-05,0.16666666666666666,0.027777777777777776,-0.1823215567939546,0.02777776875039374,0.02777776875039374,0.1822265397332516,0.1822265397332516,0.45056120886630463,0.0009749668868123491,0.44958624197949226,4000,0,0,0,0,0,0,0,0,"(4000,)","(4000,)","(4000,)","(4000,)",
notebooks/sample_size_sweep_2026-05-10/runs/exact_latent_tree__full_exact_tree__three_state_binomial_2__exact_tree_production_medians__current_gwt_rater_design__seed20260506__multK5,notebooks/sample_size_sweep_2026-05-10/runs/exact_latent_tree__full_exact_tree__three_state_binomial_2__exact_tree_production_medians__current_gwt_rater_design__seed20260506__multK5/fit.nc,posterior,full_exact_tree,full,notebooks/sample_size_sweep_2026-05-10/runs/exact_latent_tree__full_exact_tree__three_state_binomial_2__exact_tree_production_medians__current_gwt_rater_design__seed20260506__multK5/fit.nc|posterior|Global Workspace Theory|Human,full_exact_fake_data_recovery,exact_latent_tree,full_exact_tree,three_state_binomial_2,current_gwt_rater_design,exact_tree_production_medians,exact_latent_tree__full_exact_tree__three_state_binomial_2__exact_tree_production_medians__current_gwt_rater_design__seed20260506__multK5,notebooks/sample_size_sweep_2026-05-10/runs/exact_latent_tree__full_exact_tree__three_state_binomial_2__exact_tree_production_medians__current_gwt_rater_design__seed20260506__multK5,20260506,Global Workspace Theory,Human,hard_anchor,0.999,1,0.9990000000000002,2.220723657059018e-16,0.999,0.999,0.999,0.999,0.999,0.999,0.999,0.9990000000000002,0.999,2.220723657059018e-16,0.999,0.999,0.0,,hard_fixed_pi,,,0.999,6.906754778648553,6.635350309655756,9.475448269551018,-11.487433293258979,-10.608329951360664,-9.983949504968143,11.764492307771206,12.932856093564368,13.234324331915607,13.775645487073431,11.764492307771206,-9.983949504968143,12.932856093564368,0.7719613435343385,0.3981303927718614,0.010143986382542495,0.024089973283847047,0.04405783904832208,0.9999999922164022,0.9999999975802496,0.9999999982100377,0.9999999989582932,0.7719613435343394,0.3981303927718607,0.010143986382542875,0.024089973283848244,0.04405783904832377,0.9999999922164017,0.9999999975802725,0.9999999982100517,0.9999999989582876,0.003358811875966049,0.9999999996678071,0.00335881187596619,0.9999999996677811,ambiguous,ambiguous,0.7719613435343385,0.9999999922164022,0.044057839048322056,0.9999999975802496,0.01575494754183932,0.9999999986138889,0.05200162884266396,0.05200162884266356,-0.25882080335311103,-0.25882080335310986,0.05200162884266396,-0.25882080335311103,0.16666666666666666,0.6944444444444445,-1.791759469228055,0.6424428156017805,0.642442815601781,1.532938665874944,1.532938665874945,0.45056120886630463,0.5368955456467901,-0.08633433678048547,4000,0,0,0,0,0,0,0,0,"(4000,)","(4000,)","(4000,)","(4000,)",
notebooks/sample_size_sweep_2026-05-10/runs/exact_latent_tree__full_exact_tree__three_state_binomial_2__exact_tree_production_medians__current_gwt_rater_design__seed20260506__multK5,notebooks/sample_size_sweep_2026-05-10/runs/exact_latent_tree__full_exact_tree__three_state_binomial_2__exact_tree_production_medians__current_gwt_rater_design__seed20260506__multK5/fit.nc,posterior,full_exact_tree,full,notebooks/sample_size_sweep_2026-05-10/runs/exact_latent_tree__full_exact_tree__three_state_binomial_2__exact_tree_production_medians__current_gwt_rater_design__seed20260506__multK5/fit.nc|posterior|Global Workspace Theory|Chicken,full_exact_fake_data_recovery,exact_latent_tree,full_exact_tree,three_state_binomial_2,current_gwt_rater_design,exact_tree_production_medians,exact_latent_tree__full_exact_tree__three_state_binomial_2__exact_tree_production_medians__current_gwt_rater_design__seed20260506__multK5,notebooks/sample_size_sweep_2026-05-10/runs/exact_latent_tree__full_exact_tree__three_state_binomial_2__exact_tree_production_medians__current_gwt_rater_design__seed20260506__multK5,20260506,Global Workspace Theory,Chicken,free_target,0.25,0,0.17027276266788316,0.14316628702520098,0.002182792698476152,0.01146451150332171,0.023060592055100165,0.13119848815048324,0.37505718173422686,0.4622253501321266,0.6047683800948953,0.17027276266788316,0.13119848815048324,0.14316628702520098,0.02306059205510014,0.37505718173422686,0.14085904245475275,1.0163798115494742,free_beta,1.0,5.0,,-1.6094379124341003,-2.4671604169872805,4.881630771193823,-12.327913180222842,-11.498720789198604,-10.956964636133842,-0.14171306706350606,1.3922606418800225,1.8265081882303091,2.587613630157236,-0.14171306706350606,-10.956964636133842,1.3922606418800225,0.1875563359795558,0.2318649666572174,1.378167836700466e-07,6.72491389847827e-07,1.791287423018675e-06,0.08687922542596138,0.5625976016726025,0.71115103871529,0.8752429430774381,0.18659609951621667,0.18099245962971913,8.852910117602846e-07,2.0286082995862176e-06,3.4872188526444295e-06,0.14790208570615762,0.4459180923381535,0.5540554794998535,0.7267454864172002,2.6475994854225846e-09,0.9804398319109686,2.1094765698005403e-07,0.9392188712983985,moderate_absent,moderate_absent,0.1875563359795558,0.08687922542596138,1.7912874230186732e-06,0.5625976016726025,3.3618816785872297e-07,0.7940899935540641,0.035177379166076016,0.034818104354665834,-0.2077087037723595,-0.20652749023678352,0.035177379166076016,-0.2077087037723595,0.16666666666666666,0.027777777777777776,-0.1823215567939546,-0.0073996013882982395,-0.007040326576888058,-0.025387146978404912,-0.024205933442828925,0.45056120886630463,0.48266016229655795,-0.03209895343025332,4000,0,0,0,0,0,0,0,0,"(4000,)","(4000,)","(4000,)","(4000,)",
notebooks/sample_size_sweep_2026-05-10/runs/exact_latent_tree__full_exact_tree__three_state_binomial_2__exact_tree_production_medians__current_gwt_rater_design__seed20260506__multK5,notebooks/sample_size_sweep_2026-05-10/runs/exact_latent_tree__full_exact_tree__three_state_binomial_2__exact_tree_production_medians__current_gwt_rater_design__seed20260506__multK5/fit.nc,posterior,full_exact_tree,full,notebooks/sample_size_sweep_2026-05-10/runs/exact_latent_tree__full_exact_tree__three_state_binomial_2__exact_tree_production_medians__current_gwt_rater_design__seed20260506__multK5/fit.nc|posterior|Global Workspace Theory|2024 Leading Chat LLMs,full_exact_fake_data_recovery,exact_latent_tree,full_exact_tree,three_state_binomial_2,current_gwt_rater_design,exact_tree_production_medians,exact_latent_tree__full_exact_tree__three_state_binomial_2__exact_tree_production_medians__current_gwt_rater_design__seed20260506__multK5,notebooks/sample_size_sweep_2026-05-10/runs/exact_latent_tree__full_exact_tree__three_state_binomial_2__exact_tree_production_medians__current_gwt_rater_design__seed20260506__multK5,20260506,Global Workspace Theory,2024 Leading Chat LLMs,free_target,0.1,1,0.2148018910313607,0.15970455337349235,0.0040581177556076944,0.018305123852963134,0.0346237391036511,0.1817508139965412,0.4450292879030566,0.5270394790770646,0.6601298113584906,0.2148018910313607,0.1817508139965412,0.15970455337349235,0.03462373910365108,0.4450292879030566,0.14085904245475275,1.1337898553782462,free_beta,1.0,5.0,,-1.6094379124341003,-1.3909755244683717,6.756290408202327,-14.531783777787478,-13.683536706161453,-13.149429775091585,1.9213830916930874,3.8075118537359227,4.2289276815031815,4.997195675276921,1.9213830916930874,-13.149429775091585,3.8075118537359227,0.4961621435027769,0.3807786361630687,1.5431070905677125e-08,8.228786470597959e-08,2.020303539089893e-07,0.5844484720330516,0.9525363725444657,0.9745764832614529,0.9916635828269278,0.49436779832440086,0.3437775961260269,9.771393022496149e-08,2.2821567932320047e-07,3.8931853888023467e-07,0.5773599821736677,0.9000764002211509,0.9321054095697834,0.9673197366763887,2.3623896013251475e-09,0.9982265668034929,3.040468362042666e-08,0.9903167680060027,ambiguous,ambiguous,0.4961621435027769,0.5844484720330516,2.0203035390898923e-07,0.9525363725444657,3.9258511852972204e-08,0.98366968268182,0.2538525856397164,0.25566392337131383,-0.7008525034547589,-0.7044755077988866,0.2538525856397164,-0.7008525034547589,0.16666666666666666,0.6944444444444445,-1.791759469228055,0.4405918588047281,0.4387805210731307,1.090906965773296,1.0872839614291685,0.45056120886630463,0.6931177219856883,-0.2425565131193837,4000,0,0,0,0,0,0,0,0,"(4000,)","(4000,)","(4000,)","(4000,)",
notebooks/sample_size_sweep_2026-05-10/runs/exact_latent_tree__full_exact_tree__three_state_binomial_2__exact_tree_production_medians__current_gwt_rater_design__seed20260506__multK5,notebooks/sample_size_sweep_2026-05-10/runs/exact_latent_tree__full_exact_tree__three_state_binomial_2__exact_tree_production_medians__current_gwt_rater_design__seed20260506__multK5/fit.nc,posterior,full_exact_tree,full,notebooks/sample_size_sweep_2026-05-10/runs/exact_latent_tree__full_exact_tree__three_state_binomial_2__exact_tree_production_medians__current_gwt_rater_design__seed20260506__multK5/fit.nc|posterior|Global Workspace Theory|ELIZA,full_exact_fake_data_recovery,exact_latent_tree,full_exact_tree,three_state_binomial_2,current_gwt_rater_design,exact_tree_production_medians,exact_latent_tree__full_exact_tree__three_state_binomial_2__exact_tree_production_medians__current_gwt_rater_design__seed20260506__multK5,notebooks/sample_size_sweep_2026-05-10/runs/exact_latent_tree__full_exact_tree__three_state_binomial_2__exact_tree_production_medians__current_gwt_rater_design__seed20260506__multK5,20260506,Global Workspace Theory,ELIZA,hard_anchor,0.001,0,0.0010000000000000005,4.337350892693395e-19,0.001,0.001,0.001,0.001,0.001,0.001,0.001,0.0010000000000000005,0.001,4.337350892693395e-19,0.001,0.001,0.0,,hard_fixed_pi,,,0.001,-6.906754778648554,-4.913614764886908,3.46500802699858,-12.065057974585846,-11.380293858367036,-10.91225280767801,-3.3195678447413854,-2.0709973164475977,-1.7055327278241048,-1.0806583923324071,-3.3195678447413854,-10.91225280767801,-2.0709973164475977,5.506035102616232e-05,7.636947598119544e-05,5.762970673277902e-09,1.1429722481056619e-08,1.825170433277997e-08,3.620341659597006e-05,0.00012617051165929956,0.00018182443557676495,0.00033959636122384484,5.506035102616201e-05,7.636947598119563e-05,5.7629706732775885e-09,1.1429722481056209e-08,1.8251704332779133e-08,3.620341659597094e-05,0.00012617051165929972,0.00018182443557675443,0.0003395963612238305,2.6431354204282077e-09,0.0013880481168254775,2.643135420428184e-09,0.0013880481168255323,strong_absent,strong_absent,5.506035102616232e-05,3.620341659597006e-05,1.8251704332779964e-08,0.00012617051165929956,8.480520673983571e-09,0.0002450018940724582,3.031642255124214e-09,3.0316422551241796e-09,-5.5061866902974726e-05,-5.5061866902974726e-05,3.031642255124214e-09,-5.5061866902974726e-05,0.16666666666666666,0.027777777777777776,-0.1823215567939546,0.02777777474613552,0.02777777474613552,0.18226649492705163,0.18226649492705163,0.45056120886630463,0.0005950401401213419,0.4499661687261833,4000,0,0,0,0,0,0,0,0,"(4000,)","(4000,)","(4000,)","(4000,)",
notebooks/synthetic_validation_2026-05-06/runs/full_exact_recovery/exact_latent_tree__full_exact_tree__three_state_binomial_2__exact_tree_production_medians__current_gwt_rater_design__seed20260506,notebooks/synthetic_validation_2026-05-06/runs/full_exact_recovery/exact_latent_tree__full_exact_tree__three_state_binomial_2__exact_tree_production_medians__current_gwt_rater_design__seed20260506/fit.nc,posterior,full_exact_tree,full,notebooks/synthetic_validation_2026-05-06/runs/full_exact_recovery/exact_latent_tree__full_exact_tree__three_state_binomial_2__exact_tree_production_medians__current_gwt_rater_design__seed20260506/fit.nc|posterior|Global Workspace Theory|Human,full_exact_fake_data_recovery,exact_latent_tree,full_exact_tree,three_state_binomial_2,current_gwt_rater_design,exact_tree_production_medians,exact_latent_tree__full_exact_tree__three_state_binomial_2__exact_tree_production_medians__current_gwt_rater_design__seed20260506,notebooks/synthetic_validation_2026-05-06/runs/full_exact_recovery/exact_latent_tree__full_exact_tree__three_state_binomial_2__exact_tree_production_medians__current_gwt_rater_design__seed20260506,20260506,Global Workspace Theory,Human,hard_anchor,0.999,1,0.9990000000000002,2.220723657059018e-16,0.999,0.999,0.999,0.999,0.999,0.999,0.999,0.9990000000000002,0.999,2.220723657059018e-16,0.999,0.999,0.0,,hard_fixed_pi,,,0.999,6.906754778648553,3.126009638158245,0.8691326456377645,1.1403266857882062,1.6857875200659949,1.9889214103837916,3.129839050645934,4.248768596071803,4.5583388880302405,5.099323930805563,3.129839050645934,1.9889214103837913,4.248768596071803,0.9999361359135888,6.53443919862395e-05,0.9996800675370509,0.9998145504408349,0.9998630388116395,0.9999562332868037,0.9999857040975356,0.9999895101671575,0.9999938930605273,0.9999361359135888,6.534439198632684e-05,0.9996800675370557,0.9998145504408414,0.9998630388116386,0.9999562332868075,0.9999857040975371,0.9999895101671605,0.9999938930605303,0.9989749010484987,0.9999972589092658,0.9989749010484953,0.9999972589092601,strong_present,strong_present,0.9999361359135888,0.9999562332868037,0.9998630388116395,0.9999857040975356,0.9997651253850542,0.999991785403571,4.07862153314183e-09,4.07862153314183e-09,-6.386612580883263e-05,-6.386612580883263e-05,4.07862153314183e-09,-6.386612580883263e-05,0.16666666666666666,0.6944444444444445,-1.791759469228055,0.694444440365823,0.694444440365823,1.7916956031022462,1.7916956031022462,0.45056120886630463,0.0006807095077063818,0.44988049935859825,4000,0,0,0,0,0,0,0,0,"(4000,)","(4000,)","(4000,)","(4000,)",
notebooks/synthetic_validation_2026-05-06/runs/full_exact_recovery/exact_latent_tree__full_exact_tree__three_state_binomial_2__exact_tree_production_medians__current_gwt_rater_design__seed20260506,notebooks/synthetic_validation_2026-05-06/runs/full_exact_recovery/exact_latent_tree__full_exact_tree__three_state_binomial_2__exact_tree_production_medians__current_gwt_rater_design__seed20260506/fit.nc,posterior,full_exact_tree,full,notebooks/synthetic_validation_2026-05-06/runs/full_exact_recovery/exact_latent_tree__full_exact_tree__three_state_binomial_2__exact_tree_production_medians__current_gwt_rater_design__seed20260506/fit.nc|posterior|Global Workspace Theory|Chicken,full_exact_fake_data_recovery,exact_latent_tree,full_exact_tree,three_state_binomial_2,current_gwt_rater_design,exact_tree_production_medians,exact_latent_tree__full_exact_tree__three_state_binomial_2__exact_tree_production_medians__current_gwt_rater_design__seed20260506,notebooks/synthetic_validation_2026-05-06/runs/full_exact_recovery/exact_latent_tree__full_exact_tree__three_state_binomial_2__exact_tree_production_medians__current_gwt_rater_design__seed20260506,20260506,Global Workspace Theory,Chicken,free_target,0.25,0,0.14667698435108575,0.12635817727990675,0.0019903129438730623,0.009618445913294991,0.01962629703243652,0.11251282115088296,0.3259119176825955,0.39765232307432963,0.5545488723257613,0.14667698435108575,0.11251282115088296,0.12635817727990675,0.019626297032436516,0.3259119176825955,0.14085904245475275,0.8970540696419683,free_beta,1.0,5.0,,-1.6094379124341003,-2.0130680572590336,0.6853416218412793,-3.699068150318253,-3.1468822299978583,-2.8869478267212343,-2.00735449124619,-1.1502050748240664,-0.9313125216448711,-0.4536365937496396,-2.00735449124619,-2.8869478267212343,-1.1502050748240664,0.03177737570284706,0.04617046366480715,0.00021263516027942162,0.001082786571401854,0.002025207024559352,0.01586469909208777,0.07797544384138118,0.12109258920496618,0.22405236446282148,0.031928663319339495,0.02194709392712384,0.004924940168222926,0.008523906207687148,0.01102628553750753,0.026165685739189003,0.05954435755659693,0.07305034230863286,0.11273794107850588,2.414273520323402e-06,0.6395816268655712,0.0018478577888819748,0.21242036965336517,strong_absent,strong_absent,0.03177737570284706,0.01586469909208777,0.0020252070245593517,0.07797544384138118,0.0004770770648548298,0.15999929453028353,0.0010098016065598948,0.0010194395413597353,-0.032293234369724505,-0.03244949950285942,0.0010098016065598948,-0.032293234369724505,0.16666666666666666,0.027777777777777776,-0.1823215567939546,0.026767976171217883,0.02675833823641804,0.1500283224242301,0.14987205729109518,0.45056120886630463,0.14086723111731883,0.30969397774898577,4000,0,0,0,0,0,0,0,0,"(4000,)","(4000,)","(4000,)","(4000,)",
notebooks/synthetic_validation_2026-05-06/runs/full_exact_recovery/exact_latent_tree__full_exact_tree__three_state_binomial_2__exact_tree_production_medians__current_gwt_rater_design__seed20260506,notebooks/synthetic_validation_2026-05-06/runs/full_exact_recovery/exact_latent_tree__full_exact_tree__three_state_binomial_2__exact_tree_production_medians__current_gwt_rater_design__seed20260506/fit.nc,posterior,full_exact_tree,full,notebooks/synthetic_validation_2026-05-06/runs/full_exact_recovery/exact_latent_tree__full_exact_tree__three_state_binomial_2__exact_tree_production_medians__current_gwt_rater_design__seed20260506/fit.nc|posterior|Global Workspace Theory|2024 Leading Chat LLMs,full_exact_fake_data_recovery,exact_latent_tree,full_exact_tree,three_state_binomial_2,current_gwt_rater_design,exact_tree_production_medians,exact_latent_tree__full_exact_tree__three_state_binomial_2__exact_tree_production_medians__current_gwt_rater_design__seed20260506,notebooks/synthetic_validation_2026-05-06/runs/full_exact_recovery/exact_latent_tree__full_exact_tree__three_state_binomial_2__exact_tree_production_medians__current_gwt_rater_design__seed20260506,20260506,Global Workspace Theory,2024 Leading Chat LLMs,free_target,0.1,1,0.1949734338427968,0.1532820333193237,0.0037019679224987315,0.015840836324803757,0.02879720816222463,0.15862363775692753,0.4211818001901306,0.49844066203660703,0.6382328328257539,0.1949734338427968,0.15862363775692753,0.1532820333193237,0.028797208162224627,0.4211818001901306,0.14085904245475275,1.0881944861194233,free_beta,1.0,5.0,,-1.6094379124341003,0.9779719798139752,0.7114426180002632,-0.5770712765848259,-0.1617916449925673,0.07521879728481623,0.9612034110997456,1.8980814089207967,2.1895730100080466,2.731000938115713,0.9612034110997456,0.0752187972848162,1.8980814089207967,0.36185091943602365,0.2530220979539436,0.007154044041496867,0.028379650597549645,0.05043232130373127,0.32049000040678033,0.7373806546916544,0.8193164764369579,0.923841682831085,0.36100892775920407,0.15066744590814368,0.10096852746321631,0.14538948832021767,0.17737721744111623,0.343387501101399,0.5716640052008755,0.6410984855600579,0.7542785231743835,0.0004483152230698677,0.9748323920075033,0.04940770508776606,0.9229539318429852,ambiguous,ambiguous,0.36185091943602365,0.32049000040678033,0.05043232130373125,0.7373806546916544,0.016404466670699662,0.873842562781452,0.4072342490246484,0.408309590403442,-1.016522976741838,-1.0188525903201389,0.4072342490246484,-1.016522976741838,0.16666666666666666,0.6944444444444445,-1.791759469228055,0.28721019541979614,0.28613485404100253,0.775236492486217,0.7729068789079161,0.45056120886630463,0.6544757183373326,-0.20391450947102802,4000,0,0,0,0,0,0,0,0,"(4000,)","(4000,)","(4000,)","(4000,)",
notebooks/synthetic_validation_2026-05-06/runs/full_exact_recovery/exact_latent_tree__full_exact_tree__three_state_binomial_2__exact_tree_production_medians__current_gwt_rater_design__seed20260506,notebooks/synthetic_validation_2026-05-06/runs/full_exact_recovery/exact_latent_tree__full_exact_tree__three_state_binomial_2__exact_tree_production_medians__current_gwt_rater_design__seed20260506/fit.nc,posterior,full_exact_tree,full,notebooks/synthetic_validation_2026-05-06/runs/full_exact_recovery/exact_latent_tree__full_exact_tree__three_state_binomial_2__exact_tree_production_medians__current_gwt_rater_design__seed20260506/fit.nc|posterior|Global Workspace Theory|ELIZA,full_exact_fake_data_recovery,exact_latent_tree,full_exact_tree,three_state_binomial_2,current_gwt_rater_design,exact_tree_production_medians,exact_latent_tree__full_exact_tree__three_state_binomial_2__exact_tree_production_medians__current_gwt_rater_design__seed20260506,notebooks/synthetic_validation_2026-05-06/runs/full_exact_recovery/exact_latent_tree__full_exact_tree__three_state_binomial_2__exact_tree_production_medians__current_gwt_rater_design__seed20260506,20260506,Global Workspace Theory,ELIZA,hard_anchor,0.001,0,0.0010000000000000005,4.337350892693395e-19,0.001,0.001,0.001,0.001,0.001,0.001,0.001,0.0010000000000000005,0.001,4.337350892693395e-19,0.001,0.001,0.0,,hard_fixed_pi,,,0.001,-6.906754778648554,-1.718800730416304,0.6003994025127409,-3.247222738780996,-2.7429867511606987,-2.4866687534197154,-1.6958291701586887,-0.9595418421005022,-0.7740268616149387,-0.38966808875397063,-1.6958291701586887,-2.486668753419716,-0.9595418421005022,0.00021345815784007912,0.00013208083046374668,3.891945264264882e-05,6.443807817995406e-05,8.326296847356915e-05,0.00018359697438999676,0.00038330482492125766,0.00046140095369228746,0.000677500545406669,0.0002134581578400777,0.00013208083046374586,3.891945264264876e-05,6.443807817995355e-05,8.326296847356885e-05,0.0001835969743899946,0.00038330482492125777,0.0004614009536922838,0.0006775005454066607,2.1199545759564407e-05,0.0011233545082397975,2.119954575956424e-05,0.0011233545082397966,strong_absent,strong_absent,0.00021345815784007912,0.00018359697438999676,8.326296847356914e-05,0.00038330482492125766,5.287095636770458e-05,0.0005601363586189448,4.556438514848013e-08,4.5564385148479526e-08,-0.00021348094327525282,-0.00021348094327525282,4.556438514848013e-08,-0.00021348094327525282,0.16666666666666666,0.027777777777777776,-0.1823215567939546,0.02777773221339263,0.02777773221339263,0.18210807585067934,0.18210807585067934,0.45056120886630463,0.0020175986077844298,0.4485436102585202,4000,0,0,0,0,0,0,0,0,"(4000,)","(4000,)","(4000,)","(4000,)",
notebooks/synthetic_validation_2026-05-06/runs/full_exact_recovery/exact_latent_tree__full_exact_tree__three_state_binomial_2__exact_tree_production_medians__current_gwt_rater_design__seed20260506__smoke,notebooks/synthetic_validation_2026-05-06/runs/full_exact_recovery/exact_latent_tree__full_exact_tree__three_state_binomial_2__exact_tree_production_medians__current_gwt_rater_design__seed20260506__smoke/fit.nc,posterior,full_exact_tree,smoke,notebooks/synthetic_validation_2026-05-06/runs/full_exact_recovery/exact_latent_tree__full_exact_tree__three_state_binomial_2__exact_tree_production_medians__current_gwt_rater_design__seed20260506__smoke/fit.nc|posterior|Global Workspace Theory|Human,full_exact_fake_data_recovery,exact_latent_tree,full_exact_tree,three_state_binomial_2,current_gwt_rater_design,exact_tree_production_medians,exact_latent_tree__full_exact_tree__three_state_binomial_2__exact_tree_production_medians__current_gwt_rater_design__seed20260506__smoke,notebooks/synthetic_validation_2026-05-06/runs/full_exact_recovery/exact_latent_tree__full_exact_tree__three_state_binomial_2__exact_tree_production_medians__current_gwt_rater_design__seed20260506__smoke,20260506,Global Workspace Theory,Human,hard_anchor,0.999,1,0.999,0.0,0.999,0.999,0.999,0.999,0.999,0.999,0.999,0.999,0.999,0.0,0.999,0.999,0.0,,hard_fixed_pi,,,0.999,6.906754778648553,3.1445325920110085,0.8775435390977452,1.4322991393651714,1.6987574246139772,2.0053815536123025,3.0448604993044626,4.237846156000951,4.731169599891974,5.077269131653549,3.0448604993044626,2.0053815536123025,4.237846156000951,0.9999383596401568,5.4124836082866615e-05,0.9997609651705042,0.9998169260337276,0.9998652589867306,0.9999523514991038,0.9999855453378691,0.9999911749653719,0.9999937525469087,0.9999383596401564,5.412483608298805e-05,0.9997609651705038,0.9998169260337342,0.9998652589867357,0.9999523514991108,0.9999855453378643,0.9999911749653742,0.9999937525469078,0.9997431424358604,0.99999653070288,0.999743142435854,0.9999965307028801,strong_present,strong_present,0.9999383596401568,0.9999523514991038,0.9998652589867306,0.9999855453378691,0.999790421677334,0.9999921739028308,3.799533961604143e-09,3.799533961645204e-09,-6.164225968829286e-05,-6.164225968862594e-05,3.799533961604143e-09,-6.164225968829286e-05,0.16666666666666666,0.6944444444444445,-1.791759469228055,0.6944444406449106,0.6944444406449106,1.7916978269683668,1.7916978269683663,0.45056120886630463,0.000659192048693772,0.4499020168176109,160,0,0,0,0,0,0,0,0,"(160,)","(160,)","(160,)","(160,)",
notebooks/synthetic_validation_2026-05-06/runs/full_exact_recovery/exact_latent_tree__full_exact_tree__three_state_binomial_2__exact_tree_production_medians__current_gwt_rater_design__seed20260506__smoke,notebooks/synthetic_validation_2026-05-06/runs/full_exact_recovery/exact_latent_tree__full_exact_tree__three_state_binomial_2__exact_tree_production_medians__current_gwt_rater_design__seed20260506__smoke/fit.nc,posterior,full_exact_tree,smoke,notebooks/synthetic_validation_2026-05-06/runs/full_exact_recovery/exact_latent_tree__full_exact_tree__three_state_binomial_2__exact_tree_production_medians__current_gwt_rater_design__seed20260506__smoke/fit.nc|posterior|Global Workspace Theory|Chicken,full_exact_fake_data_recovery,exact_latent_tree,full_exact_tree,three_state_binomial_2,current_gwt_rater_design,exact_tree_production_medians,exact_latent_tree__full_exact_tree__three_state_binomial_2__exact_tree_production_medians__current_gwt_rater_design__seed20260506__smoke,notebooks/synthetic_validation_2026-05-06/runs/full_exact_recovery/exact_latent_tree__full_exact_tree__three_state_binomial_2__exact_tree_production_medians__current_gwt_rater_design__seed20260506__smoke,20260506,Global Workspace Theory,Chicken,free_target,0.25,0,0.14635108014139875,0.11986443131762503,0.002386595538649283,0.007937707306128956,0.013924164526648321,0.11790130408633537,0.3269155657071201,0.38333011383797605,0.4489422233205091,0.14635108014139875,0.11790130408633537,0.11986443131762503,0.01392416452664832,0.3269155657071201,0.14085904245475275,0.8509530465971208,free_beta,1.0,5.0,,-1.6094379124341003,-1.9195172550829986,0.7949586765839495,-3.675733511721388,-3.291706142881435,-2.9147029012089205,-1.8908819535587895,-0.8955478955403551,-0.5935530509045954,-0.07126788826745811,-1.8908819535587895,-2.914702901208921,-0.8955478955403551,0.03927211137765013,0.061051237365776195,0.00018066397385399946,0.0007515455194570597,0.0018094135991903182,0.018383986098079994,0.09277163211613916,0.13476596946611316,0.27488499018078405,0.037537997742490906,0.032398229660728736,0.005063318984123187,0.00738317562934916,0.010728978107752005,0.0293032077597822,0.07551027603798739,0.09948550940203826,0.15985345570393414,8.52028964319058e-05,0.4916317849141338,0.00234435746177417,0.22035513858183356,strong_absent,strong_absent,0.03927211137765013,0.018383986098079994,0.001809413599190317,0.09277163211613916,0.00025647213931470587,0.18487444462673489,0.001542298732058557,0.0014091012745152524,-0.04006406450684026,-0.0382606917734979,0.001542298732058557,-0.04006406450684026,0.16666666666666666,0.027777777777777776,-0.1823215567939546,0.02623547904571922,0.026368676503262523,0.14225749228711432,0.1440608650204567,0.45056120886630463,0.16562393931604477,0.2849372695502599,160,0,0,0,0,0,0,0,0,"(160,)","(160,)","(160,)","(160,)",
notebooks/synthetic_validation_2026-05-06/runs/full_exact_recovery/exact_latent_tree__full_exact_tree__three_state_binomial_2__exact_tree_production_medians__current_gwt_rater_design__seed20260506__smoke,notebooks/synthetic_validation_2026-05-06/runs/full_exact_recovery/exact_latent_tree__full_exact_tree__three_state_binomial_2__exact_tree_production_medians__current_gwt_rater_design__seed20260506__smoke/fit.nc,posterior,full_exact_tree,smoke,notebooks/synthetic_validation_2026-05-06/runs/full_exact_recovery/exact_latent_tree__full_exact_tree__three_state_binomial_2__exact_tree_production_medians__current_gwt_rater_design__seed20260506__smoke/fit.nc|posterior|Global Workspace Theory|2024 Leading Chat LLMs,full_exact_fake_data_recovery,exact_latent_tree,full_exact_tree,three_state_binomial_2,current_gwt_rater_design,exact_tree_production_medians,exact_latent_tree__full_exact_tree__three_state_binomial_2__exact_tree_production_medians__current_gwt_rater_design__seed20260506__smoke,notebooks/synthetic_validation_2026-05-06/runs/full_exact_recovery/exact_latent_tree__full_exact_tree__three_state_binomial_2__exact_tree_production_medians__current_gwt_rater_design__seed20260506__smoke,20260506,Global Workspace Theory,2024 Leading Chat LLMs,free_target,0.1,1,0.18564811024457176,0.14805693109962514,0.006760682326827626,0.016616111664659795,0.026340103291718295,0.15223202342745407,0.3965214523829241,0.4502577278122168,0.6429822917789116,0.18564811024457176,0.15223202342745407,0.14805693109962514,0.026340103291718295,0.3965214523829241,0.14085904245475275,1.0510999401915182,free_beta,1.0,5.0,,-1.6094379124341003,1.0400770834010875,0.7939027093833724,-0.9379614429385276,-0.23423079290579948,0.10448200098100531,1.0115327072290086,2.1549522964502557,2.420087359090976,2.6887445467528104,1.0115327072290086,0.10448200098100506,2.1549522964502557,0.3606415438528322,0.2627104881668857,0.01027658948233133,0.03289252725084663,0.05470266115595486,0.3017444918362696,0.7440999387266757,0.8323001944262618,0.9358842043649092,0.37698758366420393,0.16637054084328873,0.07264885687244256,0.13663329311395417,0.18170926354862063,0.35482348251327867,0.6330908640456747,0.6922473143945754,0.7462857069360801,0.0028400736580602107,0.9594742201189268,0.06374842245440551,0.8189215778717012,ambiguous,ambiguous,0.3606415438528322,0.3017444918362696,0.05470266115595486,0.7440999387266757,0.024754290600154383,0.8750060341683974,0.4087792354468899,0.3881444709085673,-1.019870767270234,-0.9755430266541898,0.4087792354468899,-1.019870767270234,0.16666666666666666,0.6944444444444445,-1.791759469228055,0.28566520899755465,0.30629997353587723,0.7718887019578209,0.8162164425738652,0.45056120886630463,0.6537864231732315,-0.20322521430692692,160,0,0,0,0,0,0,0,0,"(160,)","(160,)","(160,)","(160,)",
notebooks/synthetic_validation_2026-05-06/runs/full_exact_recovery/exact_latent_tree__full_exact_tree__three_state_binomial_2__exact_tree_production_medians__current_gwt_rater_design__seed20260506__smoke,notebooks/synthetic_validation_2026-05-06/runs/full_exact_recovery/exact_latent_tree__full_exact_tree__three_state_binomial_2__exact_tree_production_medians__current_gwt_rater_design__seed20260506__smoke/fit.nc,posterior,full_exact_tree,smoke,notebooks/synthetic_validation_2026-05-06/runs/full_exact_recovery/exact_latent_tree__full_exact_tree__three_state_binomial_2__exact_tree_production_medians__current_gwt_rater_design__seed20260506__smoke/fit.nc|posterior|Global Workspace Theory|ELIZA,full_exact_fake_data_recovery,exact_latent_tree,full_exact_tree,three_state_binomial_2,current_gwt_rater_design,exact_tree_production_medians,exact_latent_tree__full_exact_tree__three_state_binomial_2__exact_tree_production_medians__current_gwt_rater_design__seed20260506__smoke,notebooks/synthetic_validation_2026-05-06/runs/full_exact_recovery/exact_latent_tree__full_exact_tree__three_state_binomial_2__exact_tree_production_medians__current_gwt_rater_design__seed20260506__smoke,20260506,Global Workspace Theory,ELIZA,hard_anchor,0.001,0,0.0010000000000000002,2.175212538630535e-19,0.001,0.001,0.001,0.001,0.001,0.001,0.001,0.0010000000000000002,0.001,2.175212538630535e-19,0.001,0.001,0.0,,hard_fixed_pi,,,0.001,-6.906754778648554,-1.6543545210521995,0.7163671446737934,-3.4269090093042256,-2.8287904742872003,-2.4958471561317084,-1.675631739317403,-0.7530684167041131,-0.5435291903047725,-0.011027830340712474,-1.675631739317403,-2.4958471561317084,-0.7530684167041131,0.0002471659751161149,0.00020732532468668098,3.2759353082568726e-05,5.916040804563835e-05,8.250229657929646e-05,0.0001873550821567867,0.00047117023492068493,0.0005810144852372948,0.0010055543255402671,0.0002471659751161134,0.00020732532468668011,3.27593530825684e-05,5.916040804563783e-05,8.250229657929598e-05,0.00018735508215678493,0.00047117023492068477,0.0005810144852372896,0.0010055543255402658,2.550084339186397e-05,0.0016305116049371868,2.550084339186361e-05,0.0016305116049371807,strong_absent,strong_absent,0.0002471659751161149,0.0001873550821567867,8.250229657929646e-05,0.00047117023492068493,4.473970806057412e-05,0.0007455494236762162,6.109101925509992e-08,6.109101925509918e-08,-0.0002471965256598605,-0.0002471965256598605,6.109101925509992e-08,-0.0002471965256598605,0.16666666666666666,0.027777777777777776,-0.1823215567939546,0.027777716686758522,0.027777716686758522,0.18207436026829474,0.18207436026829474,0.45056120886630463,0.002299960194491484,0.44826124867181316,160,0,0,0,0,0,0,0,0,"(160,)","(160,)","(160,)","(160,)",
notebooks/synthetic_validation_2026-05-06/runs/full_exact_recovery/exact_latent_tree__full_exact_tree__three_state_binomial_2__exact_tree_production_medians__current_gwt_rater_design__seed20260507,notebooks/synthetic_validation_2026-05-06/runs/full_exact_recovery/exact_latent_tree__full_exact_tree__three_state_binomial_2__exact_tree_production_medians__current_gwt_rater_design__seed20260507/fit.nc,posterior,full_exact_tree,full,notebooks/synthetic_validation_2026-05-06/runs/full_exact_recovery/exact_latent_tree__full_exact_tree__three_state_binomial_2__exact_tree_production_medians__current_gwt_rater_design__seed20260507/fit.nc|posterior|Global Workspace Theory|Human,full_exact_fake_data_recovery,exact_latent_tree,full_exact_tree,three_state_binomial_2,current_gwt_rater_design,exact_tree_production_medians,exact_latent_tree__full_exact_tree__three_state_binomial_2__exact_tree_production_medians__current_gwt_rater_design__seed20260507,notebooks/synthetic_validation_2026-05-06/runs/full_exact_recovery/exact_latent_tree__full_exact_tree__three_state_binomial_2__exact_tree_production_medians__current_gwt_rater_design__seed20260507,20260507,Global Workspace Theory,Human,hard_anchor,0.999,1,0.9990000000000002,2.220723657059018e-16,0.999,0.999,0.999,0.999,0.999,0.999,0.999,0.9990000000000002,0.999,2.220723657059018e-16,0.999,0.999,0.0,,hard_fixed_pi,,,0.999,6.906754778648553,0.8186941253775218,0.728102331290337,-0.8713398251609451,-0.3878994383698952,-0.1240464295142061,0.813943955282042,1.7583190308032968,1.9879286046302282,2.483134208556003,0.813943955282042,-0.12404642951420619,1.7583190308032968,0.9994242697151076,0.0004865619568622046,0.9976132010127882,0.9985268165526915,0.9988680810248166,0.9995566460652625,0.9998275229351802,0.9998629027885892,0.9999164420757395,0.9994242697151076,0.00048656195686222557,0.9976132010127865,0.9985268165526909,0.9988680810248202,0.9995566460652617,0.9998275229351841,0.9998629027885902,0.9999164420757376,0.994545653523514,0.9999776883416786,0.9945456535235143,0.9999776883416848,strong_present,strong_present,0.9994242697151076,0.9995566460652625,0.9988680810248166,0.9998275229351802,0.9982028184879405,0.9998889368038141,3.3146536094232955e-07,3.3146536094232955e-07,-0.0005758960812119395,-0.0005758960812119395,3.3146536094232955e-07,-0.0005758960812119395,0.16666666666666666,0.6944444444444445,-1.791759469228055,0.6944441129790836,0.6944441129790836,1.791183573146843,1.791183573146843,0.45056120886630463,0.004870438327518774,0.44569077053878586,4000,0,0,0,0,0,0,0,0,"(4000,)","(4000,)","(4000,)","(4000,)",
notebooks/synthetic_validation_2026-05-06/runs/full_exact_recovery/exact_latent_tree__full_exact_tree__three_state_binomial_2__exact_tree_production_medians__current_gwt_rater_design__seed20260507,notebooks/synthetic_validation_2026-05-06/runs/full_exact_recovery/exact_latent_tree__full_exact_tree__three_state_binomial_2__exact_tree_production_medians__current_gwt_rater_design__seed20260507/fit.nc,posterior,full_exact_tree,full,notebooks/synthetic_validation_2026-05-06/runs/full_exact_recovery/exact_latent_tree__full_exact_tree__three_state_binomial_2__exact_tree_production_medians__current_gwt_rater_design__seed20260507/fit.nc|posterior|Global Workspace Theory|Chicken,full_exact_fake_data_recovery,exact_latent_tree,full_exact_tree,three_state_binomial_2,current_gwt_rater_design,exact_tree_production_medians,exact_latent_tree__full_exact_tree__three_state_binomial_2__exact_tree_production_medians__current_gwt_rater_design__seed20260507,notebooks/synthetic_validation_2026-05-06/runs/full_exact_recovery/exact_latent_tree__full_exact_tree__three_state_binomial_2__exact_tree_production_medians__current_gwt_rater_design__seed20260507,20260507,Global Workspace Theory,Chicken,free_target,0.25,0,0.14605779853294995,0.1289172099357506,0.001786435233473646,0.008030054889606366,0.016985757014001252,0.1118727703865641,0.32929557785104563,0.40598882937650127,0.5647458882747541,0.14605779853294995,0.1118727703865641,0.1289172099357506,0.016985757014001252,0.32929557785104563,0.14085904245475275,0.9152213992734037,free_beta,1.0,5.0,,-1.6094379124341003,-3.5388962755631663,1.0432360389212387,-6.1266340729158655,-5.307334901036728,-4.915808012145007,-3.497173616310306,-2.229540435880307,-1.8833580459193018,-1.2129479364269553,-3.497173616310306,-4.915808012145007,-2.229540435880307,0.010024601256606992,0.02173099722394984,3.179738389769055e-05,0.00014250742342853222,0.0003068968959860309,0.003391769507768268,0.023842289620763815,0.04056511493007348,0.09840189823703549,0.009497504993292835,0.01138133630636266,0.0004365935536415113,0.0009900419017631256,0.001463812725698838,0.006020109541969882,0.021062402167314816,0.029517904192983505,0.05612646065939227,3.612505248981e-07,0.2863177125519658,0.0001232265707934547,0.1995222499443434,strong_absent,strong_absent,0.010024601256606992,0.003391769507768268,0.00030689689598603084,0.023842289620763815,7.156085758434543e-05,0.0628632165140748,0.00010049263035396648,9.020260109762235e-05,-0.010075185916410162,-0.009542893910099028,0.00010049263035396648,-0.010075185916410162,0.16666666666666666,0.027777777777777776,-0.1823215567939546,0.02767728514742381,0.027687575176680156,0.17224637087754444,0.17277866288385557,0.45056120886630463,0.0561145495354438,0.3944466593308608,4000,0,0,0,0,0,0,0,0,"(4000,)","(4000,)","(4000,)","(4000,)",
notebooks/synthetic_validation_2026-05-06/runs/full_exact_recovery/exact_latent_tree__full_exact_tree__three_state_binomial_2__exact_tree_production_medians__current_gwt_rater_design__seed20260507,notebooks/synthetic_validation_2026-05-06/runs/full_exact_recovery/exact_latent_tree__full_exact_tree__three_state_binomial_2__exact_tree_production_medians__current_gwt_rater_design__seed20260507/fit.nc,posterior,full_exact_tree,full,notebooks/synthetic_validation_2026-05-06/runs/full_exact_recovery/exact_latent_tree__full_exact_tree__three_state_binomial_2__exact_tree_production_medians__current_gwt_rater_design__seed20260507/fit.nc|posterior|Global Workspace Theory|2024 Leading Chat LLMs,full_exact_fake_data_recovery,exact_latent_tree,full_exact_tree,three_state_binomial_2,current_gwt_rater_design,exact_tree_production_medians,exact_latent_tree__full_exact_tree__three_state_binomial_2__exact_tree_production_medians__current_gwt_rater_design__seed20260507,notebooks/synthetic_validation_2026-05-06/runs/full_exact_recovery/exact_latent_tree__full_exact_tree__three_state_binomial_2__exact_tree_production_medians__current_gwt_rater_design__seed20260507,20260507,Global Workspace Theory,2024 Leading Chat LLMs,free_target,0.1,0,0.17757930588873916,0.14700062910525602,0.0027579125035811394,0.01142938044059768,0.023076863103337755,0.1409214048427886,0.3895733463641862,0.469823781654137,0.6240735595834819,0.17757930588873916,0.1409214048427886,0.14700062910525602,0.023076863103337744,0.3895733463641862,0.14085904245475275,1.0436009399430362,free_beta,1.0,5.0,,-1.6094379124341003,0.30062716965370156,0.7377088788589501,-1.4563832884357937,-0.8992762674639948,-0.6480943505356151,0.3098171796814313,1.2345646569548647,1.4919788118053303,2.051437584887376,0.3098171796814313,-0.6480943505356151,1.2345646569548647,0.2359834409304778,0.21119391108677343,0.0028247312718295892,0.010973513804036605,0.021854790715843134,0.17503579539844624,0.5522619569854232,0.674437262224876,0.8424951393321826,0.23550639244744406,0.12439818150771632,0.04453932982021035,0.0752495402172195,0.09470172599834677,0.21422885474186967,0.40736400033766523,0.4706689396484133,0.6087353985772648,0.0005167039796770238,0.9731729350796398,0.018357127976616563,0.9011282557088194,ambiguous,ambiguous,0.2359834409304778,0.17503579539844624,0.021854790715843134,0.5522619569854232,0.005782698121236157,0.7738561914543475,0.0556881843933883,0.05546326088360954,-0.26916581587573074,-0.26854161525352993,0.0556881843933883,-0.26916581587573074,0.16666666666666666,0.027777777777777776,-0.1823215567939546,-0.027910406615610527,-0.027685483105831764,-0.08684425908177615,-0.08622005845957534,0.45056120886630463,0.5464057287776373,-0.09584451991133264,4000,0,0,0,0,0,0,0,0,"(4000,)","(4000,)","(4000,)","(4000,)",
notebooks/synthetic_validation_2026-05-06/runs/full_exact_recovery/exact_latent_tree__full_exact_tree__three_state_binomial_2__exact_tree_production_medians__current_gwt_rater_design__seed20260507,notebooks/synthetic_validation_2026-05-06/runs/full_exact_recovery/exact_latent_tree__full_exact_tree__three_state_binomial_2__exact_tree_production_medians__current_gwt_rater_design__seed20260507/fit.nc,posterior,full_exact_tree,full,notebooks/synthetic_validation_2026-05-06/runs/full_exact_recovery/exact_latent_tree__full_exact_tree__three_state_binomial_2__exact_tree_production_medians__current_gwt_rater_design__seed20260507/fit.nc|posterior|Global Workspace Theory|ELIZA,full_exact_fake_data_recovery,exact_latent_tree,full_exact_tree,three_state_binomial_2,current_gwt_rater_design,exact_tree_production_medians,exact_latent_tree__full_exact_tree__three_state_binomial_2__exact_tree_production_medians__current_gwt_rater_design__seed20260507,notebooks/synthetic_validation_2026-05-06/runs/full_exact_recovery/exact_latent_tree__full_exact_tree__three_state_binomial_2__exact_tree_production_medians__current_gwt_rater_design__seed20260507,20260507,Global Workspace Theory,ELIZA,hard_anchor,0.001,0,0.0010000000000000005,4.337350892693395e-19,0.001,0.001,0.001,0.001,0.001,0.001,0.001,0.0010000000000000005,0.001,4.337350892693395e-19,0.001,0.001,0.0,,hard_fixed_pi,,,0.001,-6.906754778648554,1.1368633725316144,0.5913362650693852,-0.23135575302961398,0.18850771620421086,0.4045903112655566,1.130263014360608,1.8802217801572851,2.1102659273174527,2.6278265232270446,1.130263014360608,0.40459031126555656,1.8802217801572851,0.0037171667907166164,0.002551377920014717,0.0007936216765971005,0.0012071959746383942,0.001497941385119902,0.0030899933992376777,0.0065187471331768524,0.00819104649981696,0.013668100338782926,0.0037171667907165934,0.0025513779200147008,0.0007936216765970996,0.0012071959746383948,0.0014979413851198933,0.0030899933992376716,0.006518747133176779,0.008191046499816949,0.013668100338782891,0.0003053010345531949,0.03147587823302891,0.0003053010345531943,0.03147587823302857,strong_absent,strong_absent,0.0037171667907166164,0.0030899933992376777,0.001497941385119902,0.0065187471331768524,0.0010318135997880562,0.010526302276309086,1.3817328950006469e-05,1.3817328950006298e-05,-0.003724092623502447,-0.0037240926235023357,1.3817328950006469e-05,-0.003724092623502447,0.16666666666666666,0.027777777777777776,-0.1823215567939546,0.02776396044882777,0.02776396044882777,0.17859746417045214,0.17859746417045225,0.45056120886630463,0.024507030209680453,0.4260541786566242,4000,0,0,0,0,0,0,0,0,"(4000,)","(4000,)","(4000,)","(4000,)",
notebooks/synthetic_validation_2026-05-06/runs/full_exact_recovery/exact_latent_tree__full_exact_tree__three_state_binomial_2__exact_tree_production_medians__current_gwt_rater_design__seed20260508,notebooks/synthetic_validation_2026-05-06/runs/full_exact_recovery/exact_latent_tree__full_exact_tree__three_state_binomial_2__exact_tree_production_medians__current_gwt_rater_design__seed20260508/fit.nc,posterior,full_exact_tree,full,notebooks/synthetic_validation_2026-05-06/runs/full_exact_recovery/exact_latent_tree__full_exact_tree__three_state_binomial_2__exact_tree_production_medians__current_gwt_rater_design__seed20260508/fit.nc|posterior|Global Workspace Theory|Human,full_exact_fake_data_recovery,exact_latent_tree,full_exact_tree,three_state_binomial_2,current_gwt_rater_design,exact_tree_production_medians,exact_latent_tree__full_exact_tree__three_state_binomial_2__exact_tree_production_medians__current_gwt_rater_design__seed20260508,notebooks/synthetic_validation_2026-05-06/runs/full_exact_recovery/exact_latent_tree__full_exact_tree__three_state_binomial_2__exact_tree_production_medians__current_gwt_rater_design__seed20260508,20260508,Global Workspace Theory,Human,hard_anchor,0.999,1,0.9990000000000002,2.220723657059018e-16,0.999,0.999,0.999,0.999,0.999,0.999,0.999,0.9990000000000002,0.999,2.220723657059018e-16,0.999,0.999,0.0,,hard_fixed_pi,,,0.999,6.906754778648553,1.2392989238678453,0.6192516573694583,-0.12230827239798017,0.2643149281549043,0.4553101177746413,1.230663686724661,2.0486332859052325,2.2477633242091404,2.682864471934336,1.230663686724661,0.45531011777464125,2.0486332859052325,0.9996495305885851,0.00024365251324129356,0.9988700444507399,0.9992320898725264,0.9993655166843094,0.9997076944251034,0.9998709766414504,0.999894270203741,0.9999315692085539,0.9996495305885851,0.00024365251324130852,0.9988700444507431,0.9992320898725221,0.9993655166843028,0.9997076944251075,0.9998709766414495,0.9998942702037351,0.9999315692085514,0.9958546772471976,0.9999803652490382,0.9958546772471976,0.9999803652490363,strong_present,strong_present,0.9996495305885851,0.9997076944251034,0.9993655166843094,0.9998709766414504,0.9990911202550379,0.9999159768215129,1.228288083375219e-07,1.228288083375219e-07,-0.0003505308401721103,-0.0003505308401721103,1.228288083375219e-07,-0.0003505308401721103,0.16666666666666666,0.6944444444444445,-1.791759469228055,0.6944443216156362,0.6944443216156362,1.7914089383878828,1.7914089383878828,0.45056120886630463,0.003138825732665649,0.44742238313363897,4000,0,0,0,0,0,0,0,0,"(4000,)","(4000,)","(4000,)","(4000,)",
notebooks/synthetic_validation_2026-05-06/runs/full_exact_recovery/exact_latent_tree__full_exact_tree__three_state_binomial_2__exact_tree_production_medians__current_gwt_rater_design__seed20260508,notebooks/synthetic_validation_2026-05-06/runs/full_exact_recovery/exact_latent_tree__full_exact_tree__three_state_binomial_2__exact_tree_production_medians__current_gwt_rater_design__seed20260508/fit.nc,posterior,full_exact_tree,full,notebooks/synthetic_validation_2026-05-06/runs/full_exact_recovery/exact_latent_tree__full_exact_tree__three_state_binomial_2__exact_tree_production_medians__current_gwt_rater_design__seed20260508/fit.nc|posterior|Global Workspace Theory|Chicken,full_exact_fake_data_recovery,exact_latent_tree,full_exact_tree,three_state_binomial_2,current_gwt_rater_design,exact_tree_production_medians,exact_latent_tree__full_exact_tree__three_state_binomial_2__exact_tree_production_medians__current_gwt_rater_design__seed20260508,notebooks/synthetic_validation_2026-05-06/runs/full_exact_recovery/exact_latent_tree__full_exact_tree__three_state_binomial_2__exact_tree_production_medians__current_gwt_rater_design__seed20260508,20260508,Global Workspace Theory,Chicken,free_target,0.25,0,0.16248293095198432,0.14196022605452194,0.0015770504247015222,0.008745646533651064,0.017261568422672638,0.12342377618916303,0.3657063505929045,0.4537238232327873,0.60120497057305,0.16248293095198432,0.12342377618916303,0.14196022605452194,0.017261568422672638,0.3657063505929045,0.14085904245475275,1.0078176280384903,free_beta,1.0,5.0,,-1.6094379124341003,-0.5972504849619333,0.7002464931351612,-2.3115030447029397,-1.8065695279629181,-1.5145939548844978,-0.5682906659884424,0.2848022939115452,0.5053508160364016,0.8940182147227299,-0.5682906659884424,-1.514593954884498,0.2848022939115452,0.11893086302224234,0.13415854912421665,0.0006517771965250702,0.0032638823448435817,0.007916525013171121,0.07045074988682429,0.30189789707744147,0.41352240642133836,0.5903978448408497,0.11599981845356731,0.06877573434055813,0.01943714295004172,0.03179892116414516,0.04212678073334643,0.10176837570671446,0.21004808135908037,0.24897487958086992,0.3284024186741305,2.552498013747038e-05,0.8572494933527172,0.008315899468263145,0.4881900331012644,moderate_absent,moderate_absent,0.11893086302224234,0.07045074988682429,0.00791652501317112,0.30189789707744147,0.001533890094701468,0.4931557315140256,0.014144550179215372,0.013455957881260576,-0.126619180554337,-0.12329801097524698,0.014144550179215372,-0.126619180554337,0.16666666666666666,0.027777777777777776,-0.1823215567939546,0.013633227598562404,0.0143218198965172,0.0557023762396176,0.05902354581870761,0.45056120886630463,0.3647893843761714,0.08577182449013321,4000,0,0,0,0,0,0,0,0,"(4000,)","(4000,)","(4000,)","(4000,)",
notebooks/synthetic_validation_2026-05-06/runs/full_exact_recovery/exact_latent_tree__full_exact_tree__three_state_binomial_2__exact_tree_production_medians__current_gwt_rater_design__seed20260508,notebooks/synthetic_validation_2026-05-06/runs/full_exact_recovery/exact_latent_tree__full_exact_tree__three_state_binomial_2__exact_tree_production_medians__current_gwt_rater_design__seed20260508/fit.nc,posterior,full_exact_tree,full,notebooks/synthetic_validation_2026-05-06/runs/full_exact_recovery/exact_latent_tree__full_exact_tree__three_state_binomial_2__exact_tree_production_medians__current_gwt_rater_design__seed20260508/fit.nc|posterior|Global Workspace Theory|2024 Leading Chat LLMs,full_exact_fake_data_recovery,exact_latent_tree,full_exact_tree,three_state_binomial_2,current_gwt_rater_design,exact_tree_production_medians,exact_latent_tree__full_exact_tree__three_state_binomial_2__exact_tree_production_medians__current_gwt_rater_design__seed20260508,notebooks/synthetic_validation_2026-05-06/runs/full_exact_recovery/exact_latent_tree__full_exact_tree__three_state_binomial_2__exact_tree_production_medians__current_gwt_rater_design__seed20260508,20260508,Global Workspace Theory,2024 Leading Chat LLMs,free_target,0.1,0,0.15855987369634836,0.136468266920491,0.0015734156097480924,0.008458015765913816,0.018662927435241148,0.12202465393726422,0.35345892489414527,0.43210347436986035,0.5919745078773988,0.15855987369634836,0.12202465393726422,0.136468266920491,0.018662927435241145,0.35345892489414527,0.14085904245475275,0.9688285859555507,free_beta,1.0,5.0,,-1.6094379124341003,-0.6056860699460394,0.7435401444458999,-2.380316807051419,-1.8567020090131479,-1.572938269992494,-0.5806484878664833,0.33620192929321885,0.5864321119757248,1.0512082376313607,-0.5806484878664833,-1.572938269992494,0.33620192929321885,0.11762674591777428,0.13536788420808055,0.0006189337582718959,0.0035514081902828887,0.0075869672561799835,0.06864231667945794,0.3021543176459295,0.39863578454351045,0.6379132530239399,0.11742020367011913,0.07519107806544881,0.018168065824421216,0.03029116110863648,0.03983435653854272,0.10064427279185831,0.21870380842893525,0.2644423215834053,0.36395723595253654,3.163385102513326e-06,0.9001720923041178,0.005044060205856568,0.5704872403997642,moderate_absent,moderate_absent,0.11762674591777428,0.06864231667945794,0.007586967256179983,0.3021543176459295,0.0015331990558360537,0.506569073976047,0.013836051355204628,0.013787504229932258,-0.1251401219258027,-0.12490607349199336,0.013836051355204628,-0.1251401219258027,0.16666666666666666,0.027777777777777776,-0.1823215567939546,0.013941726422573148,0.013990273547845518,0.05718143486815189,0.05741548330196124,0.45056120886630463,0.3621696266127629,0.08839158225354171,4000,0,0,0,0,0,0,0,0,"(4000,)","(4000,)","(4000,)","(4000,)",
notebooks/synthetic_validation_2026-05-06/runs/full_exact_recovery/exact_latent_tree__full_exact_tree__three_state_binomial_2__exact_tree_production_medians__current_gwt_rater_design__seed20260508,notebooks/synthetic_validation_2026-05-06/runs/full_exact_recovery/exact_latent_tree__full_exact_tree__three_state_binomial_2__exact_tree_production_medians__current_gwt_rater_design__seed20260508/fit.nc,posterior,full_exact_tree,full,notebooks/synthetic_validation_2026-05-06/runs/full_exact_recovery/exact_latent_tree__full_exact_tree__three_state_binomial_2__exact_tree_production_medians__current_gwt_rater_design__seed20260508/fit.nc|posterior|Global Workspace Theory|ELIZA,full_exact_fake_data_recovery,exact_latent_tree,full_exact_tree,three_state_binomial_2,current_gwt_rater_design,exact_tree_production_medians,exact_latent_tree__full_exact_tree__three_state_binomial_2__exact_tree_production_medians__current_gwt_rater_design__seed20260508,notebooks/synthetic_validation_2026-05-06/runs/full_exact_recovery/exact_latent_tree__full_exact_tree__three_state_binomial_2__exact_tree_production_medians__current_gwt_rater_design__seed20260508,20260508,Global Workspace Theory,ELIZA,hard_anchor,0.001,0,0.0010000000000000005,4.337350892693395e-19,0.001,0.001,0.001,0.001,0.001,0.001,0.001,0.0010000000000000005,0.001,4.337350892693395e-19,0.001,0.001,0.0,,hard_fixed_pi,,,0.001,-6.906754778648554,-3.295792656681155,0.9004331708248257,-5.483795661992737,-4.808191210252094,-4.487594286336119,-3.275223720806622,-2.123809747775579,-1.8316557927678014,-1.363952654372781,-3.275223720806622,-4.487594286336119,-2.123809747775579,5.438531545859404e-05,5.2813954816997295e-05,4.157674795139711e-06,8.170715208820773e-06,1.1258803750761588e-05,3.784482372721647e-05,0.00011968057841111457,0.0001602828326985231,0.00025583873233724183,5.438531545859366e-05,5.281395481699694e-05,4.157674795139696e-06,8.170715208820766e-06,1.125880375076149e-05,3.7844823727216346e-05,0.0001196805784111135,0.000160282832698521,0.0002558387323372398,1.478767008142408e-06,0.00048536444146850553,1.4787670081423927e-06,0.00048536444146850114,strong_absent,strong_absent,5.438531545859404e-05,3.784482372721647e-05,1.1258803750761584e-05,0.00011968057841111457,5.9001526255143415e-06,0.00019929176953267203,2.957762537530788e-09,2.957762537530747e-09,-5.43867943935399e-05,-5.438679439342888e-05,2.957762537530788e-09,-5.43867943935399e-05,0.16666666666666666,0.027777777777777776,-0.1823215567939546,0.027777774820015238,0.027777774820015238,0.18226716999956105,0.18226716999956116,0.45056120886630463,0.0005884158938310784,0.44997279297247356,4000,0,0,0,0,0,0,0,0,"(4000,)","(4000,)","(4000,)","(4000,)",
notebooks/synthetic_validation_2026-05-06/runs/full_exact_recovery/exact_latent_tree__full_exact_tree__three_state_binomial_2__exact_tree_production_medians__current_gwt_rater_design__seed20260509,notebooks/synthetic_validation_2026-05-06/runs/full_exact_recovery/exact_latent_tree__full_exact_tree__three_state_binomial_2__exact_tree_production_medians__current_gwt_rater_design__seed20260509/fit.nc,posterior,full_exact_tree,full,notebooks/synthetic_validation_2026-05-06/runs/full_exact_recovery/exact_latent_tree__full_exact_tree__three_state_binomial_2__exact_tree_production_medians__current_gwt_rater_design__seed20260509/fit.nc|posterior|Global Workspace Theory|Human,full_exact_fake_data_recovery,exact_latent_tree,full_exact_tree,three_state_binomial_2,current_gwt_rater_design,exact_tree_production_medians,exact_latent_tree__full_exact_tree__three_state_binomial_2__exact_tree_production_medians__current_gwt_rater_design__seed20260509,notebooks/synthetic_validation_2026-05-06/runs/full_exact_recovery/exact_latent_tree__full_exact_tree__three_state_binomial_2__exact_tree_production_medians__current_gwt_rater_design__seed20260509,20260509,Global Workspace Theory,Human,hard_anchor,0.999,1,0.9990000000000002,2.220723657059018e-16,0.999,0.999,0.999,0.999,0.999,0.999,0.999,0.9990000000000002,0.999,2.220723657059018e-16,0.999,0.999,0.0,,hard_fixed_pi,,,0.999,6.906754778648553,0.23960661261278432,0.5981498994979607,-1.1547121365602482,-0.7207133483558138,-0.5007872061425133,0.21980977181251404,1.022266319229105,1.2571799961369001,1.6411663698110808,0.21980977181251404,-0.5007872061425133,1.022266319229105,0.9990614185357822,0.0006046922828852967,0.9968337696159684,0.9979462690320792,0.9983510521530469,0.9991971700138781,0.9996399908634879,0.9997153411888781,0.9998060897384385,0.9990614185357822,0.0006046922828852835,0.9968337696159744,0.9979462690320828,0.9983510521530452,0.9991971700138759,0.9996399908634864,0.9997153411888849,0.9998060897384344,0.9938309302305486,0.9999413652963881,0.9938309302305477,0.9999413652963879,strong_present,strong_present,0.9990614185357822,0.9991971700138781,0.9983510521530469,0.9996399908634879,0.9974474133016443,0.9997635727637499,8.809351649731716e-07,8.809351649731716e-07,-0.0009390222076042189,-0.0009390222076042189,8.809351649731716e-07,-0.0009390222076042189,0.16666666666666666,0.6944444444444445,-1.791759469228055,0.6944435635092796,0.6944435635092796,1.7908204470204507,1.7908204470204507,0.45056120886630463,0.007481124494892525,0.4430800843714121,4000,0,0,0,0,0,0,0,0,"(4000,)","(4000,)","(4000,)","(4000,)",
notebooks/synthetic_validation_2026-05-06/runs/full_exact_recovery/exact_latent_tree__full_exact_tree__three_state_binomial_2__exact_tree_production_medians__current_gwt_rater_design__seed20260509,notebooks/synthetic_validation_2026-05-06/runs/full_exact_recovery/exact_latent_tree__full_exact_tree__three_state_binomial_2__exact_tree_production_medians__current_gwt_rater_design__seed20260509/fit.nc,posterior,full_exact_tree,full,notebooks/synthetic_validation_2026-05-06/runs/full_exact_recovery/exact_latent_tree__full_exact_tree__three_state_binomial_2__exact_tree_production_medians__current_gwt_rater_design__seed20260509/fit.nc|posterior|Global Workspace Theory|Chicken,full_exact_fake_data_recovery,exact_latent_tree,full_exact_tree,three_state_binomial_2,current_gwt_rater_design,exact_tree_production_medians,exact_latent_tree__full_exact_tree__three_state_binomial_2__exact_tree_production_medians__current_gwt_rater_design__seed20260509,notebooks/synthetic_validation_2026-05-06/runs/full_exact_recovery/exact_latent_tree__full_exact_tree__three_state_binomial_2__exact_tree_production_medians__current_gwt_rater_design__seed20260509,20260509,Global Workspace Theory,Chicken,free_target,0.25,0,0.16032900723793722,0.13823807195140364,0.002299265837650764,0.008921730355789472,0.018435681442462826,0.12079839993643865,0.35624420151629976,0.44963086792810136,0.5759824223476591,0.16032900723793722,0.12079839993643865,0.13823807195140364,0.018435681442462815,0.35624420151629976,0.14085904245475275,0.981392955271643,free_beta,1.0,5.0,,-1.6094379124341003,-0.47835113271558444,0.5432453148566099,-1.8296538854718407,-1.4070259683117867,-1.1910007316366118,-0.45723516858781466,0.20069142731448716,0.3721180257454961,0.6724849841434202,-0.45723516858781466,-1.1910007316366122,0.20069142731448716,0.12077989145247302,0.1267522803374097,0.0010746928575539841,0.0047397320951906826,0.010450442898822144,0.07619263824707356,0.29560783626434345,0.3831912200862582,0.5615404101173638,0.1211729876098864,0.05602689898855034,0.031095840216912467,0.046687611036661435,0.05730052534799014,0.11237847001634271,0.19643184524639287,0.2249028427665927,0.28151624804229375,3.60752032009038e-05,0.8599051993743986,0.01069239350765187,0.5008703511187962,moderate_absent,moderate_absent,0.12077989145247302,0.07619263824707356,0.010450442898822139,0.29560783626434345,0.0022749939113161106,0.4768124078307186,0.014587782179271164,0.014682892926305683,-0.12872000473988762,-0.12916720113102279,0.014587782179271164,-0.12872000473988762,0.16666666666666666,0.027777777777777776,-0.1823215567939546,0.013189995598506612,0.013094884851472094,0.05360155205406697,0.05315435566293181,0.45056120886630463,0.3684759960179984,0.08208521284830622,4000,0,0,0,0,0,0,0,0,"(4000,)","(4000,)","(4000,)","(4000,)",
notebooks/synthetic_validation_2026-05-06/runs/full_exact_recovery/exact_latent_tree__full_exact_tree__three_state_binomial_2__exact_tree_production_medians__current_gwt_rater_design__seed20260509,notebooks/synthetic_validation_2026-05-06/runs/full_exact_recovery/exact_latent_tree__full_exact_tree__three_state_binomial_2__exact_tree_production_medians__current_gwt_rater_design__seed20260509/fit.nc,posterior,full_exact_tree,full,notebooks/synthetic_validation_2026-05-06/runs/full_exact_recovery/exact_latent_tree__full_exact_tree__three_state_binomial_2__exact_tree_production_medians__current_gwt_rater_design__seed20260509/fit.nc|posterior|Global Workspace Theory|2024 Leading Chat LLMs,full_exact_fake_data_recovery,exact_latent_tree,full_exact_tree,three_state_binomial_2,current_gwt_rater_design,exact_tree_production_medians,exact_latent_tree__full_exact_tree__three_state_binomial_2__exact_tree_production_medians__current_gwt_rater_design__seed20260509,notebooks/synthetic_validation_2026-05-06/runs/full_exact_recovery/exact_latent_tree__full_exact_tree__three_state_binomial_2__exact_tree_production_medians__current_gwt_rater_design__seed20260509,20260509,Global Workspace Theory,2024 Leading Chat LLMs,free_target,0.1,0,0.148206024095325,0.13215788229258207,0.0017436938371894106,0.008673377394216775,0.016764721334632963,0.1105449098860043,0.3414262878049818,0.42451963501436113,0.5631429742336884,0.148206024095325,0.1105449098860043,0.13215788229258207,0.01676472133463296,0.3414262878049818,0.14085904245475275,0.9382278907300843,free_beta,1.0,5.0,,-1.6094379124341003,-2.0146574862395834,0.8742639224422738,-4.2027004627227535,-3.551926077163992,-3.1302876978618315,-1.9665931070878742,-0.9347962806221177,-0.6397591094530215,-0.09412667137317783,-1.9665931070878742,-3.130287697861832,-0.9347962806221177,0.03578891524669495,0.05650022752393652,0.00012474884184370392,0.0007559330839157619,0.001575156080473493,0.016085743820622937,0.08960190923867083,0.14453434882406388,0.27227878799771427,0.03566591625470782,0.03091042613873488,0.002982107731164604,0.005701183622482892,0.008665310236869775,0.02722463260869085,0.07281480456376296,0.09541875111212446,0.1540003065193518,3.1940573974025397e-06,0.7056096878540199,0.0004635937171893213,0.28579366562485925,strong_absent,strong_absent,0.03578891524669495,0.016085743820622937,0.001575156080473492,0.08960190923867083,0.00038223426968076834,0.20069280079187674,0.001280846454535114,0.0012720575822878317,-0.0364450407550783,-0.03631748450784805,0.001280846454535114,-0.0364450407550783,0.16666666666666666,0.027777777777777776,-0.1823215567939546,0.026496931323242663,0.026505720195489944,0.1458765160388763,0.14600407228610654,0.45056120886630463,0.15432198962755422,0.2962392192387504,4000,0,0,0,0,0,0,0,0,"(4000,)","(4000,)","(4000,)","(4000,)",
notebooks/synthetic_validation_2026-05-06/runs/full_exact_recovery/exact_latent_tree__full_exact_tree__three_state_binomial_2__exact_tree_production_medians__current_gwt_rater_design__seed20260509,notebooks/synthetic_validation_2026-05-06/runs/full_exact_recovery/exact_latent_tree__full_exact_tree__three_state_binomial_2__exact_tree_production_medians__current_gwt_rater_design__seed20260509/fit.nc,posterior,full_exact_tree,full,notebooks/synthetic_validation_2026-05-06/runs/full_exact_recovery/exact_latent_tree__full_exact_tree__three_state_binomial_2__exact_tree_production_medians__current_gwt_rater_design__seed20260509/fit.nc|posterior|Global Workspace Theory|ELIZA,full_exact_fake_data_recovery,exact_latent_tree,full_exact_tree,three_state_binomial_2,current_gwt_rater_design,exact_tree_production_medians,exact_latent_tree__full_exact_tree__three_state_binomial_2__exact_tree_production_medians__current_gwt_rater_design__seed20260509,notebooks/synthetic_validation_2026-05-06/runs/full_exact_recovery/exact_latent_tree__full_exact_tree__three_state_binomial_2__exact_tree_production_medians__current_gwt_rater_design__seed20260509,20260509,Global Workspace Theory,ELIZA,hard_anchor,0.001,0,0.0010000000000000005,4.337350892693395e-19,0.001,0.001,0.001,0.001,0.001,0.001,0.001,0.0010000000000000005,0.001,4.337350892693395e-19,0.001,0.001,0.0,,hard_fixed_pi,,,0.001,-6.906754778648554,-2.6202066573143976,0.7938509518486627,-4.722477517840194,-4.011338520973425,-3.683193970086795,-2.5686567785258916,-1.6556024259314301,-1.3949871122594701,-0.9885639909066701,-2.5686567785258916,-3.683193970086795,-1.6556024259314301,9.70925939562666e-05,7.692452827207283e-05,8.901958058021761e-06,1.8126938355090924e-05,2.5167076824567173e-05,7.670924908486986e-05,0.00019113162876028856,0.0002480227842473431,0.0003723445117743191,9.709259395626591e-05,7.692452827207231e-05,8.901958058021729e-06,1.812693835509077e-05,2.5167076824567038e-05,7.670924908486962e-05,0.00019113162876028774,0.0002480227842473426,0.0003723445117743185,4.410031181947554e-06,0.0009233504452009114,4.410031181947502e-06,0.0009233504452009103,strong_absent,strong_absent,9.70925939562666e-05,7.670924908486986e-05,2.5167076824567173e-05,0.00019113162876028856,1.359809926915393e-05,0.00030310928379372986,9.426971801156458e-09,9.426971801156324e-09,-9.709730774731306e-05,-9.709730774731306e-05,9.426971801156458e-09,-9.709730774731306e-05,0.16666666666666666,0.027777777777777776,-0.1823215567939546,0.027777768350805976,0.027777768350805976,0.18222445948620727,0.18222445948620727,0.45056120886630463,0.0009942084435814378,0.4495670004227232,4000,0,0,0,0,0,0,0,0,"(4000,)","(4000,)","(4000,)","(4000,)",
