beta_profile,leaf_key,leaf_name,top_feature_key,top_feature_name,path_length,path_edge_gaps,min_path_gap,product_path_gap_heuristic,path_labels,n_sibling_leaves_under_top,p_leaf_present_R1,p_leaf_present_R0,binary_gap,kl_binary_R1_to_R0,kl_binary_R0_to_R1,sym_kl_binary,tv_binary,hellinger_binary,p_m0_R1,p_m1_R1,p_m2_R1,p_m0_R0,p_m1_R0,p_m2_R0,sym_kl_three_state,hellinger_three_state,sym_kl_ordinal_ref_rater,hellinger_ordinal_ref_rater
production_prior_mean,Global Workspace Theory > Representationality > Conceptual Representations > Activation Steering Effects,Activation Steering Effects,Global Workspace Theory > Representationality,Representationality,3,0.034188;0.428571;0.263736,0.03418803418803407,0.0038642676005313232,weak support / strongly undemanding > strong support / weakly demanding > moderate support / weakly demanding,8,0.6459364811013162,0.6420722135007849,0.003864267600531268,3.254037730779282e-05,3.2593075893883224e-05,3.256672660083802e-05,0.003864267600531268,0.0028533605809735844,0.12536097541491864,0.45740508696753035,0.417233937617551,0.1281123003482277,0.45963097230197475,0.4122567273497975,6.513345320167648e-05,0.004035253018507404,4.253621561677327e-05,0.003260984329947418
production_prior_mean,Global Workspace Theory > Representationality > Conceptual Representations > Probe-Detectable Themes,Probe-Detectable Themes,Global Workspace Theory > Representationality,Representationality,3,0.034188;0.428571;0.418301,0.03418803418803407,0.0061289473054178725,weak support / strongly undemanding > strong support / weakly demanding > moderate support / strongly demanding,8,0.4558643970408676,0.44973544973544977,0.006128947305417853,7.583399968925583e-05,7.577499395321988e-05,7.580449682123786e-05,0.006128947305417826,0.004353281772905405,0.2960835544076986,0.4961040971028677,0.2078123484894338,0.3027910752778477,0.494946949973405,0.20226197474874727,0.00015160899364247572,0.00615644095609328,0.00010084315762532076,0.005021014809995566
production_prior_mean,Global Workspace Theory > Representationality > Conceptual Representations > Concept-Specific Ablation Effects,Concept-Specific Ablation Effects,Global Workspace Theory > Representationality,Representationality,3,0.034188;0.428571;0.638889,0.03418803418803407,0.009361009361009327,weak support / strongly undemanding > strong support / weakly demanding > strong support / strongly demanding,8,0.6376678876678876,0.6283068783068784,0.009361009361009254,0.00018826977977813401,0.00018894362749009332,0.00018860670363411366,0.009361009361009254,0.006866672593205322,0.1312845596270505,0.4620951054101238,0.40662033496282574,0.13815577671397772,0.4670746899582878,0.39476953332773446,0.00037721340726822646,0.009710827038393778,0.0002469795080134976,0.007857716333639832
production_prior_mean,Global Workspace Theory > Representationality > Propositional Representations > Logical Inference,Logical Inference,Global Workspace Theory > Representationality,Representationality,3,0.034188;0.55;0.55,0.03418803418803407,0.010341880341880307,weak support / strongly undemanding > strong support / moderately demanding > strong support / moderately demanding,8,0.6667307692307692,0.6563888888888889,0.010341880341880327,0.00023826572159242783,0.00023945418372164733,0.00023885995265703758,0.010341880341880327,0.0077274909673632555,0.11106838017751479,0.444401701183432,0.4445299186390533,0.11806859567901233,0.45108503086419754,0.43084637345679017,0.0004777199053140743,0.010928159384161373,0.00031054608930865864,0.008811050578376795
production_prior_mean,Global Workspace Theory > Representationality > World Modelling > Model Isomorphism,Model Isomorphism,Global Workspace Theory > Representationality,Representationality,3,0.034188;0.638889;0.428571,0.03418803418803407,0.009361009361009327,weak support / strongly undemanding > strong support / strongly demanding > strong support / weakly demanding,8,0.7289377289377289,0.7195767195767195,0.009361009361009365,0.00021863801736100516,0.000220175765600749,0.00021940689148087708,0.009361009361009365,0.00740612693704356,0.07347475479343613,0.39517503253766995,0.5313502126688939,0.07863721620335379,0.40357212843985335,0.5177906553567929,0.00043881378296175243,0.010473701533561919,0.00027899911656454127,0.008351529539384533
production_prior_mean,Global Workspace Theory > Representationality > World Modelling > Broad Predictive Training,Broad Predictive Training,Global Workspace Theory > Representationality,Representationality,3,0.034188;0.638889;0.0625,0.03418803418803407,0.0013651471984805269,weak support / strongly undemanding > strong support / strongly demanding > weak support / moderately undemanding,8,0.7938034188034188,0.7924382716049383,0.0013651471984804653,5.674413115438993e-06,5.683646368270356e-06,5.679029741854674e-06,0.0013651471984804653,0.001191535310357732,0.04251703009715832,0.32735910219884584,0.6301238677039959,0.043081871094345366,0.3289597146014327,0.627958414304222,1.1358059483709349e-05,0.0016850847978514862,6.942565254746888e-06,0.001317436889352759
production_prior_mean,Global Workspace Theory > Representationality > Isomorphic Representations > Somatotopic Neural Maps,Somatotopic Neural Maps,Global Workspace Theory > Representationality,Representationality,3,0.034188;0.263736;0.228571,0.03418803418803407,0.002060942720283373,weak support / strongly undemanding > moderate support / weakly demanding > moderate support / weakly undemanding,8,0.7250332085496921,0.7229722658294087,0.002060942720283454,1.0619982983753763e-05,1.0636352808520311e-05,1.0628167896137037e-05,0.002060942720283454,0.0016300428262822355,0.07560673640047712,0.3987201100996616,0.5256731534998613,0.07674436549969182,0.40056673734179904,0.5226888971585091,2.1256335792274074e-05,0.0023052271409058065,1.3516593033995592e-05,0.0018382448674183769
production_prior_mean,Global Workspace Theory > Representationality > Isomorphic Representations > Has Retinotopic Neural Maps,Has Retinotopic Neural Maps,Global Workspace Theory > Representationality,Representationality,3,0.034188;0.263736;0.342857,0.03418803418803407,0.0030914140804250588,weak support / strongly undemanding > moderate support / weakly demanding > strong support / weakly undemanding,8,0.8018355271102523,0.7987441130298273,0.0030914140804250145,2.9840235396534024e-05,2.9956009782883958e-05,2.989812258970899e-05,0.0030914140804250145,0.002733953240508723,0.03926915831567155,0.3177906291481523,0.6429402125361762,0.04050393204015094,0.32150390986004357,0.6379921580998055,5.979624517941798e-05,0.0038663865267742517,3.635138564492659e-05,0.003014599142285064
production_prior_mean,Global Workspace Theory > Hierarchical Organization > Concrete-Abstract Separation,Concrete-Abstract Separation,Global Workspace Theory > Hierarchical Organization,Hierarchical Organization,2,0.0625;0.388889,0.0625,0.02430555555555556,weak support / moderately undemanding > strong support / neutral,1,0.8159722222222223,0.7916666666666667,0.02430555555555558,0.0018457730558156561,0.001904392697718655,0.0018750828767671555,0.02430555555555558,0.021648283545697748,0.033866222993827126,0.3003231095679011,0.6658106674382718,0.04340277777777775,0.32986111111111105,0.6267361111111113,0.003750165753534311,0.03061170903155843,0.002272741104246386,0.023833430283972716
production_prior_mean,Global Workspace Theory > Coherence > Autonomous Subparts > Functional Subparts,Functional Subparts,Global Workspace Theory > Coherence,Coherence,3,0.638889;-0.0714286;0.25,0.07142857142857145,-0.011408730158730162,strong support / strongly demanding > weak undermining / neutral > moderate support / neutral,13,0.6116071428571428,0.623015873015873,-0.01140873015873023,0.00027601895743989066,0.00027497829018273585,0.00027549862381131326,0.01140873015873023,0.008299016872026534,0.1508490114795919,0.4750876913265306,0.3740632971938775,0.14211703199798437,0.4697341899722852,0.3881487780297304,0.0005509972476226239,0.011736380127638276,0.0003619566024809411,0.00951244794692901
production_prior_mean,Global Workspace Theory > Coherence > Autonomous Subparts > Conflicting Subparts,Conflicting Subparts,Global Workspace Theory > Coherence,Coherence,3,0.638889;-0.0714286;0.418301,0.07142857142857145,-0.01908911712833282,strong support / strongly demanding > weak undermining / neutral > moderate support / strongly demanding,13,0.29785247432306255,0.3169415914513954,-0.019089117128332833,0.0008510489552995201,0.0008609079360934087,0.0008559784456964644,0.019089117128332778,0.014628111825313324,0.49301114781424543,0.4182727557253838,0.08871609646037064,0.46656878948895253,0.43297923811930433,0.10045197239174322,0.0017119568913929262,0.020686167431373567,0.001112116410608642,0.016673279881366986
production_prior_mean,Global Workspace Theory > Coherence > Autonomous Subparts > Information Transfer,Information Transfer,Global Workspace Theory > Coherence,Coherence,3,0.638889;-0.0714286;0.15,0.07142857142857145,-0.006845238095238098,strong support / strongly demanding > weak undermining / neutral > moderate support / moderately undemanding,13,0.8169642857142857,0.8238095238095238,-0.006845238095238071,0.00015980249345513755,0.00015822450103240415,0.00015901349724377085,0.006845238095238071,0.0063049486023700075,0.03350207270408164,0.2990672831632653,0.6674306441326531,0.03104308390022677,0.2902947845804989,0.6786621315192743,0.0003180269944875417,0.008916455209643978,0.0001900393810940035,0.00689265418268099
production_prior_mean,Global Workspace Theory > Coherence > Autonomous Subparts > Learning Transfer,Learning Transfer,Global Workspace Theory > Coherence,Coherence,3,0.638889;-0.0714286;0.228571,0.07142857142857145,-0.01043083900226758,strong support / strongly demanding > weak undermining / neutral > moderate support / weakly undemanding,13,0.673469387755102,0.6839002267573696,-0.0104308390022676,0.00025019200136502766,0.0002487702967554316,0.0002494811490602296,0.0104308390022676,0.007897421043181788,0.10662224073302792,0.43981674302374013,0.453561016243232,0.09991906664404235,0.4323614131971761,0.4677195201587816,0.0004989622981204584,0.011168465800730857,0.000322703966364136,0.00898186379339638
production_prior_mean,Global Workspace Theory > Coherence > Autonomous Subparts > Information Transfer Architecture,Information Transfer Architecture,Global Workspace Theory > Coherence,Coherence,3,0.638889;-0.0714286;0.340909,0.07142857142857145,-0.015557359307359313,strong support / strongly demanding > weak undermining / neutral > moderate support / moderately demanding,13,0.4021915584415584,0.41774891774891776,-0.015557359307359353,0.0004993641605613736,0.0005012959470014327,0.0005003300537814032,0.015557359307359353,0.011183897176943581,0.35737493279853266,0.4808670175198178,0.1617580496816495,0.33901632278255656,0.4864695189370514,0.17451415828039205,0.0010006601075628003,0.01581592448241796,0.0006635517427844287,0.012879396286834115
production_prior_mean,Global Workspace Theory > Coherence > Point of View > Perspective-relative Representations,Perspective-relative Representations,Global Workspace Theory > Coherence,Coherence,3,0.638889;0.340909;0.55,0.34090909090909094,0.11979166666666667,strong support / strongly demanding > moderate support / moderately demanding > strong support / moderately demanding,13,0.5281250000000001,0.4083333333333333,0.11979166666666674,0.029107766885519,0.02880892328059187,0.028958345083055434,0.11979166666666674,0.08503338720072967,0.22266601562499994,0.49841796875,0.27891601562500007,0.35006944444444443,0.4831944444444444,0.1667361111111111,0.057916690166110854,0.12003779066887518,0.038509028021449704,0.09797218961082074
production_prior_mean,Global Workspace Theory > Coherence > Point of View > Stable Personality,Stable Personality,Global Workspace Theory > Coherence,Coherence,3,0.638889;0.340909;0.15,0.15000000000000002,0.03267045454545455,strong support / strongly demanding > moderate support / moderately demanding > weak support / moderately demanding,13,0.32585227272727274,0.2931818181818182,0.03267045454545453,0.002523174077349942,0.002474600746168367,0.0024988874117591545,0.03267045454545456,0.02499224940810634,0.45447515818698336,0.43934513817148757,0.10617970364152893,0.4995919421487603,0.414452479338843,0.08595557851239671,0.004997774823518311,0.03533885850081672,0.0032484955141954854,0.02849319258717357
production_prior_mean,Global Workspace Theory > Coherence > Common Representational Scheme > Authoritative Representational Scheme,Authoritative Representational Scheme,Global Workspace Theory > Coherence,Coherence,3,0.638889;0.263736;0.340909,0.26373626373626374,0.05744255744255744,strong support / strongly demanding > moderate support / weakly demanding > moderate support / moderately demanding,13,0.46353646353646355,0.4060939060939061,0.05744255744255744,0.006755685685928131,0.006687207999856885,0.006721446842892508,0.05744255744255744,0.04098607129483555,0.28779312595496404,0.49734082101714466,0.2148660530278912,0.35272444837879396,0.4823632910545997,0.16491226056660624,0.013442893685785013,0.0579387103527124,0.008931393096184254,0.04723612913804514
production_prior_mean,Global Workspace Theory > Coherence > Common Representational Scheme > Unified Egocentric Representations,Unified Egocentric Representations,Global Workspace Theory > Coherence,Coherence,3,0.638889;0.263736;0.428571,0.26373626373626374,0.07221350078492934,strong support / strongly demanding > moderate support / weakly demanding > strong support / weakly demanding,13,0.6970172684458398,0.6248037676609105,0.07221350078492927,0.011464923562761076,0.011870574597400499,0.011667749080080787,0.07221350078492927,0.053989408519517404,0.09179853562002031,0.4223683918682798,0.4858330725116999,0.14077221276144802,0.46884803915528295,0.39037974808326903,0.02333549816016159,0.0762968942862013,0.015162282905613323,0.06153062131216089
production_prior_mean,Global Workspace Theory > Coherence > Common Representational Scheme > Distinguishes Self-Produced from Other-Produced Behavior,Distinguishes Self-Produced from Other-Produced Behavior,Global Workspace Theory > Coherence,Coherence,3,0.638889;0.263736;0.25,0.25,0.04212454212454212,strong support / strongly demanding > moderate support / weakly demanding > moderate support / neutral,13,0.6565934065934066,0.6144688644688645,0.042124542124542086,0.0038020637447280306,0.003865172080945785,0.0038336179128369077,0.042124542124542086,0.030954848159475495,0.11792808839512137,0.4509570100229441,0.43111490158193455,0.14863425646392678,0.47379375813441743,0.37757198540165576,0.007667235825673822,0.04376627807893453,0.005016307765943969,0.03540611075140182
production_prior_mean,Global Workspace Theory > Coherence > Social Coherence > Stable Personality,Stable Personality,Global Workspace Theory > Coherence,Coherence,3,0.638889;0.25;0.340909,0.25,0.054450757575757576,strong support / strongly demanding > moderate support / neutral > moderate support / moderately demanding,13,0.484375,0.42992424242424243,0.05445075757575757,0.0059985689215427684,0.0059609894983937844,0.0059797792099682764,0.05445075757575757,0.038659552464051325,0.265869140625,0.49951171875,0.234619140625,0.3249863693755739,0.49017877640036733,0.18483485422405876,0.01195955841993655,0.054652431609842955,0.007954866765992483,0.04458115446087332
production_prior_mean,Global Workspace Theory > Coherence > Social Coherence > Persistence Seeking,Persistence Seeking,Global Workspace Theory > Coherence,Coherence,3,0.638889;0.25;0.0952381,0.09523809523809534,0.015211640211640228,strong support / strongly demanding > moderate support / neutral > weak support / weakly undemanding,13,0.636904761904762,0.6216931216931217,0.015211640211640232,0.00049461230392755,0.0004974009151861372,0.0004960066095568436,0.015211640211640232,0.011135454845119727,0.13183815192743759,0.4625141723356009,0.40564767573696153,0.1431160941742952,0.47038156826516614,0.3865023375605387,0.0009920132191136907,0.01574742307882322,0.0006500388955405396,0.012747613012292066
production_prior_mean,Global Workspace Theory > Coherence > Social Coherence > Stable Social Interactions,Stable Social Interactions,Global Workspace Theory > Coherence,Coherence,3,0.638889;0.25;0.428571,0.25,0.06845238095238095,strong support / strongly demanding > moderate support / neutral > strong support / weakly demanding,13,0.7232142857142857,0.6547619047619048,0.06845238095238093,0.01074494660264972,0.011188879836784196,0.010966913219716958,0.06845238095238093,0.052341489826467094,0.07661033163265307,0.40035076530612246,0.5230389030612245,0.11918934240362812,0.45209750566893425,0.42871315192743764,0.021933826439433923,0.07397132913121693,0.014127378440955997,0.059394578185362146
production_prior_mean,Global Workspace Theory > Modularity > Cross-Modal Learning Deficits,Cross-Modal Learning Deficits,Global Workspace Theory > Modularity,Modularity,2,0.15;0.21,0.15000000000000002,0.0315,weak support / moderately demanding > strong support / moderately undemanding,6,0.834,0.8025,0.03149999999999997,0.0032676583602670867,0.003418290454917986,0.0033429744075925364,0.03149999999999997,0.028901711995435307,0.02755600000000001,0.276888,0.695556,0.039006250000000006,0.31698750000000003,0.64400625,0.006685948815185083,0.04086465675228118,0.004000780510792936,0.031617788027113486
production_prior_mean,Global Workspace Theory > Modularity > Selective Competence Disruption,Selective Competence Disruption,Global Workspace Theory > Modularity,Modularity,2,0.15;0.55,0.15000000000000002,0.08250000000000002,weak support / moderately demanding > strong support / moderately demanding,6,0.47000000000000003,0.3875,0.08250000000000002,0.014041791565491513,0.013817532931640411,0.013929662248565962,0.08250000000000002,0.0589934053017578,0.28090000000000004,0.49820000000000003,0.22090000000000004,0.3751562500000001,0.47468750000000004,0.15015625000000002,0.027859324497131927,0.08335665416711964,0.018497700794927865,0.06795240254294957
production_prior_mean,Global Workspace Theory > Modularity > Poorly Intraconnected Networks,Poorly Intraconnected Networks,Global Workspace Theory > Modularity,Modularity,2,0.15;0.340909,0.15000000000000002,0.051136363636363646,weak support / moderately demanding > moderate support / moderately demanding,6,0.38636363636363635,0.3352272727272727,0.051136363636363646,0.005735030327524988,0.00561790558438021,0.005676467955952599,0.051136363636363646,0.0376652073278186,0.3765495867768595,0.47417355371900827,0.14927685950413222,0.4419227789256199,0.44569989669421484,0.11237732438016527,0.0113529359119052,0.05324775176142392,0.007472698919847337,0.04320797646802973
production_prior_mean,Global Workspace Theory > Modularity > Dedicated Speech Systems,Dedicated Speech Systems,Global Workspace Theory > Modularity,Modularity,2,0.15;0.340909,0.15000000000000002,0.051136363636363646,weak support / moderately demanding > moderate support / moderately demanding,6,0.38636363636363635,0.3352272727272727,0.051136363636363646,0.005735030327524988,0.00561790558438021,0.005676467955952599,0.051136363636363646,0.0376652073278186,0.3765495867768595,0.47417355371900827,0.14927685950413222,0.4419227789256199,0.44569989669421484,0.11237732438016527,0.0113529359119052,0.05324775176142392,0.007472698919847337,0.04320797646802973
production_prior_mean,Global Workspace Theory > Modularity > Dedicated Action Systems,Dedicated Action Systems,Global Workspace Theory > Modularity,Modularity,2,0.15;0.342857,0.15000000000000002,0.051428571428571435,weak support / moderately demanding > strong support / weakly undemanding,6,0.7085714285714285,0.6571428571428571,0.05142857142857138,0.0060277989348288125,0.00620543135463434,0.006116615144731576,0.05142857142857138,0.03909631681718816,0.084930612244898,0.412995918367347,0.502073469387755,0.11755102040816327,0.4506122448979592,0.43183673469387757,0.012233230289463139,0.055269409241189255,0.007898196903528425,0.044421539460754986
production_prior_mean,Global Workspace Theory > Modularity > Dedicated Sensory Systems,Dedicated Sensory Systems,Global Workspace Theory > Modularity,Modularity,2,0.15;0.21,0.15000000000000002,0.0315,weak support / moderately demanding > strong support / moderately undemanding,6,0.834,0.8025,0.03149999999999997,0.0032676583602670867,0.003418290454917986,0.0033429744075925364,0.03149999999999997,0.028901711995435307,0.02755600000000001,0.276888,0.695556,0.039006250000000006,0.31698750000000003,0.64400625,0.006685948815185083,0.04086465675228118,0.004000780510792936,0.031617788027113486
production_prior_mean,Global Workspace Theory > Complexity > Functional Diversity > Diversity of Tasks,Diversity of Tasks,Global Workspace Theory > Complexity,Complexity,3,0.342857;0.263736;0.428571,0.26373626373626374,0.03875308365104283,strong support / weakly undemanding > moderate support / weakly demanding > strong support / weakly demanding,8,0.7155864543619646,0.6768333707109216,0.03875308365104291,0.0035112986225863396,0.003596639039425531,0.0035539688310059353,0.03875308365104291,0.029803766979911665,0.08089106494239887,0.40704496139127316,0.5120639736663279,0.1044366702860646,0.4374599180060275,0.45810341170790786,0.007107937662011874,0.04213953059203741,0.004568856550953055,0.033790189239307135
production_prior_mean,Global Workspace Theory > Complexity > Functional Diversity > Variability of Responses to Stimuli,Variability of Responses to Stimuli,Global Workspace Theory > Complexity,Complexity,3,0.342857;0.263736;0.0625,0.0625,0.00565149136577708,strong support / weakly undemanding > moderate support / weakly demanding > weak support / moderately undemanding,8,0.7918563579277865,0.7862048665620094,0.005651491365777139,9.562704955503633e-05,9.62547252267151e-05,9.594088739087571e-05,0.005651491365777139,0.0048974415233403595,0.043323775735085716,0.3296397326742555,0.6270364915906588,0.045708359081768214,0.3361735487124448,0.618118092205787,0.00019188177478175143,0.006925986693031027,0.00011763420391410363,0.00542292988039594
production_prior_mean,Global Workspace Theory > Complexity > Informational Complexity > Optimized Componentry,Optimized Componentry,Global Workspace Theory > Complexity,Complexity,3,0.342857;0.55;0.0714286,0.0714285714285714,0.013469387755102036,strong support / weakly undemanding > strong support / moderately demanding > weak support / neutral,8,0.5537755102040816,0.5403061224489796,0.01346938775510198,0.00036580022617563844,0.0003664244447201606,0.0003661123354478995,0.01346938775510198,0.009566955507498767,0.19911629529362773,0.4942163890045814,0.30666731570179084,0.21131846105789256,0.4967508329862557,0.2919307059558517,0.0007322246708957982,0.01352940864337829,0.0004858450000356923,0.011020746512063511
production_prior_mean,Global Workspace Theory > Complexity > Informational Complexity > Compressibility,Compressibility,Global Workspace Theory > Complexity,Complexity,3,0.342857;0.55;0.25,0.25,0.047142857142857146,strong support / weakly undemanding > strong support / moderately demanding > moderate support / neutral,8,0.6882142857142857,0.6410714285714285,0.04714285714285715,0.004933556826603243,0.005049727260258929,0.004991642043431086,0.04714285714285715,0.03532030698475961,0.0972103316326531,0.4291507653061225,0.4736389030612244,0.12882971938775514,0.4601977040816327,0.4109725765306122,0.009983284086862162,0.04993487613533667,0.006482267228617871,0.040245879576628785
production_prior_mean,Global Workspace Theory > Complexity > Structural Complexity > Functional Specialization,Functional Specialization,Global Workspace Theory > Complexity,Complexity,3,0.342857;0.638889;0.388889,0.34285714285714286,0.0851851851851852,strong support / weakly undemanding > strong support / strongly demanding > strong support / neutral,8,0.7703703703703704,0.6851851851851851,0.08518518518518525,0.01782171456288388,0.019037840620705113,0.018429777591794497,0.08518518518518525,0.06782430965495431,0.05272976680384088,0.3537997256515775,0.5934705075445816,0.09910836762688618,0.4314128943758574,0.4694787379972564,0.036859555183589,0.09580768601790739,0.023360856890244117,0.07634072184408074
production_prior_mean,Global Workspace Theory > Complexity > Structural Complexity > Number of Layers,Number of Layers,Global Workspace Theory > Complexity,Complexity,3,0.342857;0.638889;0.340909,0.34090909090909094,0.07467532467532469,strong support / weakly undemanding > strong support / strongly demanding > moderate support / moderately demanding,8,0.487012987012987,0.41233766233766234,0.07467532467532467,0.011346478649058273,0.011231621140422365,0.011289049894740319,0.07467532467532467,0.05311194243011515,0.26315567549333785,0.4996626749873503,0.23718164951931187,0.34534702310676335,0.48463062911114857,0.17002234778208805,0.022578099789480627,0.07505864042393942,0.01501113526300181,0.061223733553241365
production_prior_mean,Global Workspace Theory > Complexity > Structural Complexity > Number of Nodes,Number of Nodes,Global Workspace Theory > Complexity,Complexity,3,0.342857;0.638889;0.263736,0.26373626373626374,0.057770800627943486,strong support / weakly undemanding > strong support / strongly demanding > moderate support / weakly demanding,8,0.6119309262166405,0.554160125588697,0.057770800627943486,0.0068277043947185395,0.006918409470299189,0.006873056932508864,0.057770800627943486,0.04144533339534267,0.15059760602707453,0.47494293551257,0.3744594584603555,0.19877319361508644,0.49413336159243315,0.3070934447924804,0.013746113865017735,0.05858737725323377,0.009080373432043078,0.047629340232022865
production_prior_mean,Global Workspace Theory > Complexity > Structural Complexity > Number of Connections,Number of Connections,Global Workspace Theory > Complexity,Complexity,3,0.342857;0.638889;0.263736,0.26373626373626374,0.057770800627943486,strong support / weakly undemanding > strong support / strongly demanding > moderate support / weakly demanding,8,0.6119309262166405,0.554160125588697,0.057770800627943486,0.0068277043947185395,0.006918409470299189,0.006873056932508864,0.057770800627943486,0.04144533339534267,0.15059760602707453,0.47494293551257,0.3744594584603555,0.19877319361508644,0.49413336159243315,0.3070934447924804,0.013746113865017735,0.05858737725323377,0.009080373432043078,0.047629340232022865
production_prior_mean,Global Workspace Theory > Selective Attention > Non-Linear Capabilities > Threshold Activation,Threshold Activation,Global Workspace Theory > Selective Attention,Selective Attention,3,0.55;0.228571;0.388889,0.22857142857142865,0.04888888888888892,strong support / moderately demanding > moderate support / weakly undemanding > strong support / neutral,12,0.7933333333333334,0.7444444444444445,0.04888888888888898,0.006578087020562139,0.006912209587483412,0.006745148304022775,0.04888888888888898,0.04104920096137815,0.04271111111111107,0.327911111111111,0.6293777777777779,0.06530864197530863,0.3804938271604938,0.5541975308641975,0.01349029660804553,0.058027876488652506,0.00837427704175767,0.04573593639171505
production_prior_mean,Global Workspace Theory > Selective Attention > Non-Linear Capabilities > Self-Sustained Activity,Self-Sustained Activity,Global Workspace Theory > Selective Attention,Selective Attention,3,0.55;0.228571;0.228571,0.22857142857142865,0.028734693877551044,strong support / moderately demanding > moderate support / weakly undemanding > moderate support / weakly undemanding,12,0.7438367346938776,0.7151020408163266,0.02873469387755101,0.0020701562228635333,0.00211684507437946,0.0020935006486214967,0.02873469387755101,0.022875329263100083,0.06561961849229488,0.38108729362765514,0.55329308788005,0.08116684714702206,0.4074622240733028,0.5113709287796752,0.004187001297242997,0.032346368499587684,0.002655464421256415,0.025762509577058564
production_prior_mean,Global Workspace Theory > Selective Attention > Adaptive Focus > Task Focus,Task Focus,Global Workspace Theory > Selective Attention,Selective Attention,3,0.55;0.55;0.340909,0.34090909090909094,0.10312500000000002,strong support / moderately demanding > strong support / moderately demanding > moderate support / moderately demanding,12,0.48522727272727273,0.3821022727272727,0.10312500000000002,0.02193871609406059,0.02153120826428434,0.021734962179172465,0.10312500000000002,0.07367800964851749,0.26499096074380163,0.49956353305785123,0.23544550619834712,0.3817976013688017,0.47220025180785125,0.14600214682334708,0.043469924358344944,0.10405493814250318,0.028866281265957923,0.08485205927816578
production_prior_mean,Global Workspace Theory > Selective Attention > Adaptive Focus > Goal Focus Shifts,Goal Focus Shifts,Global Workspace Theory > Selective Attention,Selective Attention,3,0.55;0.55;0.340909,0.34090909090909094,0.10312500000000002,strong support / moderately demanding > strong support / moderately demanding > moderate support / moderately demanding,12,0.48522727272727273,0.3821022727272727,0.10312500000000002,0.02193871609406059,0.02153120826428434,0.021734962179172465,0.10312500000000002,0.07367800964851749,0.26499096074380163,0.49956353305785123,0.23544550619834712,0.3817976013688017,0.47220025180785125,0.14600214682334708,0.043469924358344944,0.10405493814250318,0.028866281265957923,0.08485205927816578
production_prior_mean,Global Workspace Theory > Selective Attention > Adaptive Focus > Inattentional Blindness,Inattentional Blindness,Global Workspace Theory > Selective Attention,Selective Attention,3,0.55;0.55;0.263736,0.26373626373626374,0.07978021978021979,strong support / moderately demanding > strong support / moderately demanding > moderate support / weakly demanding,12,0.6105494505494505,0.5307692307692308,0.07978021978021976,0.01291928908316381,0.01312015704349316,0.013019723063328485,0.07978021978021976,0.05703522668575786,0.15167173046733487,0.4755576379664292,0.37277063156623597,0.2201775147928994,0.49810650887573965,0.281715976331361,0.026039446126656964,0.08059436733450207,0.017226042022280723,0.06558188740179526
production_prior_mean,Global Workspace Theory > Selective Attention > Attention-Constrained Architecture > Informational Bottleneck,Informational Bottleneck,Global Workspace Theory > Selective Attention,Selective Attention,3,0.55;0.263736;0.55,0.26373626373626374,0.07978021978021979,strong support / moderately demanding > moderate support / weakly demanding > strong support / moderately demanding,12,0.6017582417582418,0.5219780219780219,0.07978021978021987,0.012870316567627077,0.013044512422861573,0.012957414495244325,0.07978021978021987,0.056898965933215064,0.158596498007487,0.4792905204685424,0.36211298152397053,0.22850501147204452,0.49903393309986716,0.2724610554280883,0.025914828990488636,0.08040213487208307,0.01716174324621741,0.0654595623538745
production_prior_mean,Global Workspace Theory > Selective Attention > Attention-Constrained Architecture > Resource Adaptation,Resource Adaptation,Global Workspace Theory > Selective Attention,Selective Attention,3,0.55;0.263736;0.388889,0.26373626373626374,0.056410256410256425,strong support / moderately demanding > moderate support / weakly demanding > strong support / neutral,12,0.7487179487179487,0.6923076923076923,0.05641025641025643,0.007757744492021573,0.008085420539748644,0.007921582515885109,0.05641025641025643,0.04448714429833551,0.06314266929651545,0.3762787639710717,0.5605785667324129,0.09467455621301776,0.4260355029585799,0.4792899408284023,0.015843165031770218,0.06288318658474344,0.010082932742805268,0.050184525747014284
production_prior_mean,Global Workspace Theory > Selective Attention > Performance Sensitivity > Performance Degradation,Performance Degradation,Global Workspace Theory > Selective Attention,Selective Attention,3,0.55;0.263736;0.340909,0.26373626373626374,0.04945054945054946,strong support / moderately demanding > moderate support / weakly demanding > moderate support / moderately demanding,12,0.468031968031968,0.4185814185814186,0.049450549450549386,0.004977539659451226,0.004939903127020022,0.004958721393235624,0.049450549450549386,0.03520526489398968,0.28298998703594114,0.4979560898641818,0.21905392309987712,0.33804756681879555,0.48674202919957166,0.1752104039816328,0.009917442786471237,0.0497723338179711,0.006592787755039136,0.040587377077993356
production_prior_mean,Global Workspace Theory > Selective Attention > Performance Sensitivity > Priming Enhancement,Priming Enhancement,Global Workspace Theory > Selective Attention,Selective Attention,3,0.55;0.263736;0.228571,0.22857142857142865,0.033155416012558885,strong support / moderately demanding > moderate support / weakly demanding > moderate support / weakly undemanding,12,0.717613814756672,0.6844583987441131,0.03315541601255889,0.0025966979666392914,0.002652422447873677,0.0026245602072564843,0.03315541601255889,0.025612747167957736,0.07974195761627918,0.40528845525409773,0.5149695871296232,0.09956650212312915,0.43195019826551556,0.46848329961135526,0.005249120414512972,0.03621595342059556,0.0033682991234431064,0.029014391166931774
production_prior_mean,Global Workspace Theory > Selective Attention > Performance Sensitivity > Coupling,Coupling,Global Workspace Theory > Selective Attention,Selective Attention,3,0.55;0.263736;0.228571,0.22857142857142865,0.033155416012558885,strong support / moderately demanding > moderate support / weakly demanding > moderate support / weakly undemanding,12,0.717613814756672,0.6844583987441131,0.03315541601255889,0.0025966979666392914,0.002652422447873677,0.0026245602072564843,0.03315541601255889,0.025612747167957736,0.07974195761627918,0.40528845525409773,0.5149695871296232,0.09956650212312915,0.43195019826551556,0.46848329961135526,0.005249120414512972,0.03621595342059556,0.0033682991234431064,0.029014391166931774
production_prior_mean,Global Workspace Theory > Selective Attention > Capability Attention Modulation > Feature Binding,Feature Binding,Global Workspace Theory > Selective Attention,Selective Attention,3,0.55;0.428571;0.25,0.25,0.05892857142857143,strong support / moderately demanding > strong support / weakly demanding > moderate support / neutral,12,0.6928571428571428,0.6339285714285714,0.05892857142857144,0.007678041174065141,0.007902852989511336,0.007790447081788238,0.05892857142857144,0.0441211391182404,0.09433673469387756,0.4256122448979592,0.4800510204081632,0.13400829081632656,0.4641262755102041,0.40186543367346933,0.015580894163576484,0.06236633940636094,0.010118841187991338,0.050276000419401154
production_prior_mean,Global Workspace Theory > Selective Attention > Capability Attention Modulation > Adaptive Learning,Adaptive Learning,Global Workspace Theory > Selective Attention,Selective Attention,3,0.55;0.428571;0.15,0.15000000000000002,0.035357142857142865,strong support / moderately demanding > strong support / weakly demanding > moderate support / moderately undemanding,12,0.8657142857142857,0.8303571428571429,0.035357142857142754,0.004713427964356129,0.005024802139728467,0.004869115052042298,0.035357142857142754,0.03487259777356044,0.018032653061224504,0.23250612244897967,0.7494612244897958,0.02877869897959182,0.28172831632653056,0.6894929846938777,0.009738230104084592,0.04930230477801102,0.0056439210116605715,0.037546743725604945
production_prior_mean,Global Workspace Theory > Integration > Wiring Convergence,Wiring Convergence,Global Workspace Theory > Integration,Integration,2,0.55;0.55,0.55,0.30250000000000005,strong support / moderately demanding > strong support / moderately demanding,2,0.6900000000000001,0.3875,0.30250000000000005,0.18701050673924943,0.1935200923663728,0.19026529955281113,0.3025000000000001,0.21718735831640307,0.09609999999999996,0.42779999999999996,0.4761000000000001,0.3751562500000001,0.47468750000000004,0.15015625000000002,0.3805305991056222,0.3035056102227675,0.2511239174122072,0.24820670792090366
production_prior_mean,Global Workspace Theory > Integration > Holistic Dependency,Holistic Dependency,Global Workspace Theory > Integration,Integration,2,0.55;0.342857,0.34285714285714286,0.18857142857142858,strong support / moderately demanding > strong support / weakly undemanding,2,0.8457142857142856,0.6571428571428571,0.1885714285714285,0.0901585926939896,0.10798997172552452,0.09907428220975706,0.1885714285714285,0.15657137754483585,0.023804081632653084,0.26096326530612257,0.7152326530612244,0.11755102040816327,0.4506122448979592,0.43183673469387757,0.19814856441951417,0.2200641431548447,0.12299075918928165,0.17428028924279562
production_oracle_median,Global Workspace Theory > Representationality > Conceptual Representations > Activation Steering Effects,Activation Steering Effects,Global Workspace Theory > Representationality,Representationality,3,0.0558587;0.528258;0.46471,0.05585867087170626,0.013712555733615172,weak support / strongly undemanding > strong support / weakly demanding > moderate support / weakly demanding,8,0.6667818455293599,0.6530692897957447,0.013712555733615184,0.00041760418333233046,0.0004203340916046523,0.0004189691374684914,0.013712555733615184,0.010234237734312882,0.11103433846881934,0.44436763200364143,0.4445980295275392,0.12036091768282894,0.4531395850428526,0.4264994972743184,0.0008379382749369828,0.014473018814900065,0.0005449511567892397,0.011671843035865399
production_oracle_median,Global Workspace Theory > Representationality > Conceptual Representations > Probe-Detectable Themes,Probe-Detectable Themes,Global Workspace Theory > Representationality,Representationality,3,0.0558587;0.528258;0.516898,0.05585867087170626,0.015252512759450746,weak support / strongly undemanding > strong support / weakly demanding > moderate support / strongly demanding,8,0.5446804543642616,0.5294279416048108,0.015252512759450831,0.0004675304290300813,0.00046823962636137473,0.000467885027695728,0.015252512759450831,0.010815217336309486,0.20731588863793526,0.49600731399560627,0.29667679736645847,0.22143806214228537,0.4982679925058077,0.28029394535190694,0.0009357700553914508,0.015294579769760319,0.0006214199557739155,0.012463859126704394
production_oracle_median,Global Workspace Theory > Representationality > Conceptual Representations > Concept-Specific Ablation Effects,Concept-Specific Ablation Effects,Global Workspace Theory > Representationality,Representationality,3,0.0558587;0.528258;0.696373,0.05585867087170626,0.020548420270120653,weak support / strongly undemanding > strong support / weakly demanding > strong support / strongly demanding,8,0.6716043171021453,0.6510558968320246,0.020548420270120715,0.0009381730823771368,0.0009474807856383362,0.0009428269340077365,0.020548420270120715,0.015352301642282195,0.10784372454594834,0.4411039167038127,0.4510523587502389,0.12176198713570267,0.4543642320645455,0.42387378079975185,0.0018856538680154713,0.021710153849359877,0.0012258154701838674,0.017504973992104798
production_oracle_median,Global Workspace Theory > Representationality > Propositional Representations > Logical Inference,Logical Inference,Global Workspace Theory > Representationality,Representationality,3,0.0558587;0.649418;0.649418,0.05585867087170626,0.023558048584510317,weak support / strongly undemanding > strong support / moderately demanding > strong support / moderately demanding,8,0.7461846908418832,0.7226266422573728,0.023558048584510383,0.001409910974982536,0.0014367975288970478,0.0014233542519397919,0.023558048584510383,0.01886249318699692,0.0644222111630304,0.37878619599017277,0.5567915928467968,0.07693597958541944,0.4008747563144155,0.5221892641001651,0.002846708503879577,0.02667322082797984,0.0018014010195679924,0.021219708398950737
production_oracle_median,Global Workspace Theory > Representationality > World Modelling > Model Isomorphism,Model Isomorphism,Global Workspace Theory > Representationality,Representationality,3,0.0558587;0.696373;0.528258,0.05585867087170626,0.020548420270120653,weak support / strongly undemanding > strong support / strongly demanding > strong support / weakly demanding,8,0.7238715061653271,0.7033230858952064,0.020548420270120715,0.0010259266703048359,0.0010407292953311144,0.0010333279828179751,0.020548420270120715,0.016072054378485336,0.07624694510740497,0.3997630974545358,0.5239899574380592,0.08801719136274307,0.41731944548410105,0.4946633631531559,0.0020666559656359485,0.022727849422072836,0.0013198321922799003,0.018163706181889644
production_oracle_median,Global Workspace Theory > Representationality > World Modelling > Broad Predictive Training,Broad Predictive Training,Global Workspace Theory > Representationality,Representationality,3,0.0558587;0.696373;0.196652,0.05585867087170626,0.007649456135365859,weak support / strongly undemanding > strong support / strongly demanding > weak support / moderately undemanding,8,0.7765191348937932,0.7688696787584274,0.007649456135365829,0.00016592919580972042,0.00016724833626409214,0.00016658876603690628,0.007649456135365829,0.006453403193694256,0.0499436970686186,0.3470743360751764,0.602981966856205,0.053421225397232555,0.3554181916886801,0.5911605829140874,0.0003331775320738091,0.009126395298093802,0.00020650163838006452,0.007185005635374503
production_oracle_median,Global Workspace Theory > Representationality > Isomorphic Representations > Somatotopic Neural Maps,Somatotopic Neural Maps,Global Workspace Theory > Representationality,Representationality,3,0.0558587;0.46471;0.467417,0.05585867087170626,0.012133260097140787,weak support / strongly undemanding > moderate support / weakly demanding > moderate support / weakly undemanding,8,0.7260364031408609,0.7139031430437202,0.012133260097140774,0.00036352695816278466,0.00036675008018831334,0.000365138519175549,0.012133260097140774,0.009554156544963638,0.07505605240399688,0.3978150889102844,0.5271288586857187,0.08185141156026204,0.4084908907920356,0.5096576976477024,0.0007302770383510911,0.013511309417844918,0.00046516786329422414,0.01078365417221802
production_oracle_median,Global Workspace Theory > Representationality > Isomorphic Representations > Has Retinotopic Neural Maps,Has Retinotopic Neural Maps,Global Workspace Theory > Representationality,Representationality,3,0.0558587;0.46471;0.523618,0.05585867087170626,0.013592120667725888,weak support / strongly undemanding > moderate support / weakly demanding > strong support / weakly undemanding,8,0.7719404875738155,0.7583483669060896,0.01359212066772586,0.0005107185562977373,0.000517595146861163,0.0005141568515794502,0.01359212066772586,0.011337201940894957,0.052011141208069,0.352096742436231,0.5958921163557,0.05839551177695387,0.36651224263391297,0.5750922455891332,0.0010283137031588969,0.016032709539695232,0.0006402595334174766,0.012651267206679341
production_oracle_median,Global Workspace Theory > Hierarchical Organization > Concrete-Abstract Separation,Concrete-Abstract Separation,Global Workspace Theory > Hierarchical Organization,Hierarchical Organization,2,0.196652;0.482084,0.19665178715262988,0.09480269198245146,weak support / moderately undemanding > strong support / neutral,1,0.7981453709849486,0.7033426790024973,0.09480269198245139,0.02320264242800396,0.025286698688914463,0.024244670558459212,0.09480269198245139,0.07776007163620526,0.040745291254804014,0.3222186755204947,0.6370360332247013,0.08800556610141538,0.41730350979217473,0.4946909241064099,0.04848934111691841,0.10980298612790851,0.030360003649447347,0.08699276508051289
production_oracle_median,Global Workspace Theory > Coherence > Autonomous Subparts > Functional Subparts,Functional Subparts,Global Workspace Theory > Coherence,Coherence,3,0.696373;-0.0300506;0.398112,0.030050552139060716,-0.008331061074457975,strong support / strongly demanding > weak undermining / neutral > moderate support / neutral,13,0.5863147976002971,0.5946458586747552,-0.008331061074458024,0.00014366576821755843,0.00014336749559528197,0.0001435166319064202,0.008331061074458024,0.005989901031130296,0.1711354466844831,0.4850995114304395,0.3437650418850774,0.16431197988952656,0.48208432287143654,0.3536036972390369,0.00028703326381284127,0.0084709232925919,0.00018944626901282353,0.0068819252945733446
production_oracle_median,Global Workspace Theory > Coherence > Autonomous Subparts > Conflicting Subparts,Conflicting Subparts,Global Workspace Theory > Coherence,Coherence,3,0.696373;-0.0300506;0.516898,0.030050552139060716,-0.010816818435554239,strong support / strongly demanding > weak undermining / neutral > moderate support / strongly demanding,13,0.360917435634451,0.3717342540700052,-0.01081681843555421,0.00025151078647900164,0.00025255751363478275,0.0002520341500568922,0.010816818435554237,0.007937737211700258,0.40842652407604607,0.46131208057900586,0.13026139534494807,0.3947178475089727,0.467095796842044,0.13818635564898318,0.0005040683001137831,0.011225478792340472,0.0003321982100382495,0.009113019029769224
production_oracle_median,Global Workspace Theory > Coherence > Autonomous Subparts > Information Transfer,Information Transfer,Global Workspace Theory > Coherence,Coherence,3,0.696373;-0.0300506;0.249932,0.030050552139060716,-0.005230186037444204,strong support / strongly demanding > weak undermining / neutral > moderate support / moderately undemanding,13,0.7546890161871015,0.7599192022245457,-0.005230186037444184,7.460078876702064e-05,7.423750602404168e-05,7.441914739553116e-05,0.005230186037444184,0.004313310333245769,0.060177478779252155,0.37026701006729273,0.5695555111534552,0.05763878946049859,0.36488401662991143,0.57747719390959,0.00014883829479106145,0.0060999136001189174,9.30950087250867e-05,0.004824265725769323
production_oracle_median,Global Workspace Theory > Coherence > Autonomous Subparts > Learning Transfer,Learning Transfer,Global Workspace Theory > Coherence,Coherence,3,0.696373;-0.0300506;0.467417,0.030050552139060716,-0.009781363524101139,strong support / strongly demanding > weak undermining / neutral > moderate support / weakly undemanding,13,0.6077025169505597,0.6174838804746609,-0.009781363524101194,0.00020189168701231254,0.00020126799753260663,0.00020157984227245958,0.009781363524101194,0.007098904621727413,0.15389731520692593,0.47680033568502883,0.36930234910804527,0.14631858169672354,0.4723950756572312,0.3812863426460453,0.00040315968454491917,0.01003924071115413,0.00026508295864705,0.008140602621025719
production_oracle_median,Global Workspace Theory > Coherence > Autonomous Subparts > Information Transfer Architecture,Information Transfer Architecture,Global Workspace Theory > Coherence,Coherence,3,0.696373;-0.0300506;0.475077,0.030050552139060716,-0.009941653915107429,strong support / strongly demanding > weak undermining / neutral > moderate support / moderately demanding,13,0.5448432558461758,0.5547849097612831,-0.009941653915107374,0.0001997947749325102,0.00019952843005609927,0.00019966160249430473,0.009941653915107374,0.007065052632602209,0.20716766174870982,0.4959781648102288,0.29685417344106135,0.19821647657626879,0.49399722732489615,0.30778629609883507,0.0003993232049886086,0.009991368569859634,0.00026489177430361706,0.008137667792554143
production_oracle_median,Global Workspace Theory > Coherence > Point of View > Perspective-relative Representations,Perspective-relative Representations,Global Workspace Theory > Coherence,Coherence,3,0.696373;0.475077;0.649418,0.47507712681532244,0.2148476176256339,strong support / strongly demanding > moderate support / moderately demanding > strong support / moderately demanding,13,0.6730157363180539,0.4581681186924199,0.21484761762563398,0.0936550890142136,0.09746824864373826,0.09556166882897593,0.21484761762563398,0.15423068178748925,0.10691870869562446,0.4401311099726433,0.45295018133173226,0.29358178760131154,0.49650018741253704,0.2099180249861514,0.19112333765795186,0.21681416035489845,0.126145342414725,0.17674876142512758
production_oracle_median,Global Workspace Theory > Coherence > Point of View > Stable Personality,Stable Personality,Global Workspace Theory > Coherence,Coherence,3,0.696373;0.475077;0.326752,0.32675183418538345,0.1080996327976018,strong support / strongly demanding > moderate support / moderately demanding > weak support / moderately demanding,13,0.46330552007769776,0.355205887280096,0.10809963279760176,0.02461069029307092,0.02394671222445323,0.024278701258762074,0.10809963279760174,0.0778631289596927,0.2880409647790705,0.4973070302864635,0.214652004934466,0.4157594477982482,0.45806932984331145,0.12617122235844028,0.048557402517524106,0.10994806852981308,0.032172743907490794,0.0895644766138347
production_oracle_median,Global Workspace Theory > Coherence > Common Representational Scheme > Authoritative Representational Scheme,Authoritative Representational Scheme,Global Workspace Theory > Coherence,Coherence,3,0.696373;0.46471;0.475077,0.464710012150248,0.15374047339642458,strong support / strongly demanding > moderate support / weakly demanding > moderate support / moderately demanding,13,0.6370599641955828,0.48331949079915815,0.1537404733964246,0.04776123421633241,0.0489988630176211,0.048380048616976756,0.1537404733964246,0.10985904425649816,0.13172546958971168,0.46242913242941114,0.40584539798087715,0.26695874858804125,0.49944352122560126,0.23359773018635752,0.09676009723395351,0.15489466813631134,0.06401227603660666,0.12620149514848228
production_oracle_median,Global Workspace Theory > Coherence > Common Representational Scheme > Unified Egocentric Representations,Unified Egocentric Representations,Global Workspace Theory > Coherence,Coherence,3,0.696373;0.46471;0.528258,0.464710012150248,0.17095030161616312,strong support / strongly demanding > moderate support / weakly demanding > strong support / weakly demanding,13,0.6771022239963114,0.5061519223801483,0.1709503016161631,0.059830126880941,0.06254935373833351,0.06118974030963725,0.1709503016161631,0.12350098906285746,0.10426297374812828,0.4372696045111207,0.458467421740751,0.2438859237688231,0.49992430770205726,0.2561897685291196,0.12237948061927457,0.17398951122596928,0.08056361990003438,0.14148967722782094
production_oracle_median,Global Workspace Theory > Coherence > Common Representational Scheme > Distinguishes Self-Produced from Other-Produced Behavior,Distinguishes Self-Produced from Other-Produced Behavior,Global Workspace Theory > Coherence,Coherence,3,0.696373;0.46471;0.398112,0.3981124863501848,0.12883382226123832,strong support / strongly demanding > moderate support / weakly demanding > moderate support / neutral,13,0.6635919826546802,0.5347581603934419,0.1288338222612383,0.034163788602085715,0.035417486018301136,0.034790637310193426,0.1288338222612383,0.0931819894747972,0.11317035413420898,0.4464753264222216,0.4403543194435694,0.21644996932049432,0.4975837405721275,0.2859662901073782,0.06958127462038682,0.13149286621314915,0.04579574145750398,0.10681544127516071
production_oracle_median,Global Workspace Theory > Coherence > Social Coherence > Stable Personality,Stable Personality,Global Workspace Theory > Coherence,Coherence,3,0.696373;0.398112;0.475077,0.3981124863501848,0.13170794800245486,strong support / strongly demanding > moderate support / neutral > moderate support / moderately demanding,13,0.6667245771097992,0.5350166291073444,0.13170794800245478,0.035740700365997094,0.03710849394003987,0.03642459715301848,0.13170794800245478,0.09534077671062371,0.1110725075026422,0.44440583077511725,0.4445216617222405,0.21620953520669695,0.49754767137191735,0.2862427934213857,0.07284919430603695,0.13452546890985595,0.04792899720182376,0.10926600642249978
production_oracle_median,Global Workspace Theory > Coherence > Social Coherence > Persistence Seeking,Persistence Seeking,Global Workspace Theory > Coherence,Coherence,3,0.696373;0.398112;0.179637,0.17963697027686654,0.0498016330509242,strong support / strongly demanding > moderate support / neutral > weak support / weakly undemanding,13,0.6551459832116985,0.6053443501607743,0.04980163305092422,0.005278050619273861,0.005377160188428813,0.005327605403851337,0.04980163305092422,0.03648998612190248,0.11892429289502615,0.45185944778655074,0.4292162593184231,0.15575308195002155,0.4778051357784084,0.3664417822715701,0.010655210807702657,0.051587452265776365,0.006979009137007445,0.04175906197646559
production_oracle_median,Global Workspace Theory > Coherence > Social Coherence > Stable Social Interactions,Stable Social Interactions,Global Workspace Theory > Coherence,Coherence,3,0.696373;0.398112;0.528258,0.3981124863501848,0.14645143818575762,strong support / strongly demanding > moderate support / neutral > strong support / weakly demanding,13,0.7100875167626206,0.563636078576863,0.14645143818575757,0.04547112764637841,0.04823976679742559,0.046855447221902,0.14645143818575757,0.10808886565065007,0.08404924793686379,0.41172647060103124,0.504224281462105,0.19041347191977764,0.49190089900671863,0.31768562907350373,0.09371089444380397,0.15241361004125703,0.06115972548562269,0.12336005577327021
production_oracle_median,Global Workspace Theory > Modularity > Cross-Modal Learning Deficits,Cross-Modal Learning Deficits,Global Workspace Theory > Modularity,Modularity,2,0.326752;0.371191,0.32675183418538345,0.12128735704422923,weak support / moderately demanding > strong support / moderately undemanding,6,0.7965362246994142,0.675248867655185,0.12128735704422922,0.036447054640690646,0.04029903105371761,0.03837304284720413,0.12128735704422922,0.0977738533890032,0.041397507859567265,0.324132534882037,0.6344699572583957,0.10546329795923955,0.4385756687711509,0.4559610332696095,0.07674608569440827,0.1379422503952317,0.048360216773861694,0.10970815390255553
production_oracle_median,Global Workspace Theory > Modularity > Selective Competence Disruption,Selective Competence Disruption,Global Workspace Theory > Modularity,Modularity,2,0.326752;0.649418,0.32675183418538345,0.21219854017670278,weak support / moderately demanding > strong support / moderately demanding,6,0.5795777564448489,0.36737921626814607,0.2121985401767028,0.09244311820898238,0.09100609481100161,0.091724606509992,0.2121985401767028,0.15113409471010014,0.1767548628759468,0.48733476135840864,0.3359103757656446,0.4002090560095051,0.46482345544469766,0.13496748854579724,0.183449213019984,0.21251186879607264,0.1217670859384812,0.17365518949730235
production_oracle_median,Global Workspace Theory > Modularity > Poorly Intraconnected Networks,Poorly Intraconnected Networks,Global Workspace Theory > Modularity,Modularity,2,0.326752;0.475077,0.32675183418538345,0.15523232256642863,weak support / moderately demanding > moderate support / moderately demanding,6,0.5909123615445655,0.43568003897813684,0.15523232256642866,0.04848599846005758,0.04875953667219424,0.04862276756612591,0.1552323225664287,0.11014015090397399,0.1673526959370443,0.4834698850367804,0.3491774190261753,0.31845701840771723,0.4917258852282921,0.18981709636399083,0.09724553513225184,0.15528859614165716,0.06457920140423674,0.12675335615389863
production_oracle_median,Global Workspace Theory > Modularity > Dedicated Speech Systems,Dedicated Speech Systems,Global Workspace Theory > Modularity,Modularity,2,0.326752;0.475077,0.32675183418538345,0.15523232256642863,weak support / moderately demanding > moderate support / moderately demanding,6,0.5909123615445655,0.43568003897813684,0.15523232256642866,0.04848599846005758,0.04875953667219424,0.04862276756612591,0.1552323225664287,0.11014015090397399,0.1673526959370443,0.4834698850367804,0.3491774190261753,0.31845701840771723,0.4917258852282921,0.18981709636399083,0.09724553513225184,0.15528859614165716,0.06457920140423674,0.12675335615389863
production_oracle_median,Global Workspace Theory > Modularity > Dedicated Action Systems,Dedicated Action Systems,Global Workspace Theory > Modularity,Modularity,2,0.326752;0.523618,0.32675183418538345,0.17109315247425838,weak support / moderately demanding > strong support / weakly undemanding,6,0.6901547574919132,0.5190616050176549,0.17109315247425838,0.06039196509437808,0.063575206125661,0.06198358561001954,0.17109315247425838,0.12428969744518378,0.09600407430489509,0.4276823364063833,0.4763135892887216,0.23130173976819424,0.4992733104283018,0.26942494980350395,0.12396717122003909,0.17509203087236383,0.08141708689976886,0.14222987315908728
production_oracle_median,Global Workspace Theory > Modularity > Dedicated Sensory Systems,Dedicated Sensory Systems,Global Workspace Theory > Modularity,Modularity,2,0.326752;0.371191,0.32675183418538345,0.12128735704422923,weak support / moderately demanding > strong support / moderately undemanding,6,0.7965362246994142,0.675248867655185,0.12128735704422922,0.036447054640690646,0.04029903105371761,0.03837304284720413,0.12128735704422922,0.0977738533890032,0.041397507859567265,0.324132534882037,0.6344699572583957,0.10546329795923955,0.4385756687711509,0.4559610332696095,0.07674608569440827,0.1379422503952317,0.048360216773861694,0.10970815390255553
production_oracle_median,Global Workspace Theory > Complexity > Functional Diversity > Diversity of Tasks,Diversity of Tasks,Global Workspace Theory > Complexity,Complexity,3,0.523618;0.46471;0.528258,0.464710012150248,0.1285412155232533,strong support / weakly undemanding > moderate support / weakly demanding > strong support / weakly demanding,8,0.7071954918603327,0.5786542763370794,0.12854121552325326,0.03529902343700163,0.03726897848137126,0.03628400095918644,0.12854121552325326,0.09514313803387334,0.0857344799869125,0.4141400563055096,0.5001254637075779,0.1775322188490302,0.4876270096277807,0.3348407715231891,0.07256800191837291,0.13424787075559608,0.047315129116393004,0.1085601590498105
production_oracle_median,Global Workspace Theory > Complexity > Functional Diversity > Variability of Responses to Stimuli,Variability of Responses to Stimuli,Global Workspace Theory > Complexity,Complexity,3,0.523618;0.46471;0.196652,0.19665178715262988,0.04785138598520409,strong support / weakly undemanding > moderate support / weakly demanding > weak support / moderately undemanding,8,0.7703112396754792,0.7224598536902751,0.04785138598520411,0.005935810456688284,0.006188448599066365,0.006062129527877325,0.04785138598520411,0.03891857859785775,0.052756926619415154,0.35386366741021125,0.5933794059703735,0.0770285328136235,0.4010232269922028,0.5219482401941737,0.01212425905575465,0.05501833638055341,0.007623369705602782,0.04364017239612342
production_oracle_median,Global Workspace Theory > Complexity > Informational Complexity > Optimized Componentry,Optimized Componentry,Global Workspace Theory > Complexity,Complexity,3,0.523618;0.649418;0.189269,0.18926876777110818,0.06436027731723112,strong support / weakly undemanding > strong support / moderately demanding > weak support / neutral,8,0.5881776033187447,0.5238173260015135,0.06436027731723115,0.008361043865840731,0.008443122616972505,0.008402083241406618,0.06436027731723115,0.04582299798569152,0.1695976864082932,0.4844494205459242,0.3459528930457826,0.22674993901634882,0.4988654699642753,0.2743845910193759,0.01680416648281323,0.06476947854292928,0.011137181322873883,0.052744543160722655
production_oracle_median,Global Workspace Theory > Complexity > Informational Complexity > Compressibility,Compressibility,Global Workspace Theory > Complexity,Complexity,3,0.523618;0.649418;0.398112,0.3981124863501848,0.135376957998358,strong support / weakly undemanding > strong support / moderately demanding > moderate support / neutral,8,0.725893049587546,0.5905160915891879,0.13537695799835803,0.03980769676251783,0.042472394412849265,0.04114004558768355,0.13537695799835803,0.10128775338405306,0.07513462026441553,0.397944660296077,0.5269207194395075,0.1676770712473943,0.4836136743268355,0.3487092544257702,0.08228009117536707,0.1428746534629831,0.05341244251973113,0.11531122145755028
production_oracle_median,Global Workspace Theory > Complexity > Structural Complexity > Functional Specialization,Functional Specialization,Global Workspace Theory > Complexity,Complexity,3,0.523618;0.696373;0.482084,0.4820840601304631,0.17578403518851055,strong support / weakly undemanding > strong support / strongly demanding > strong support / neutral,8,0.7576816982186307,0.5818976630301201,0.1757840351885106,0.06782596238168934,0.07446116769789493,0.07114356503979213,0.1757840351885106,0.13305539327959962,0.05871815937820674,0.36720028480632505,0.5740815558154683,0.17480956417967497,0.4865855455804098,0.33860489023991525,0.14228713007958427,0.1873340680007448,0.09187460120700756,0.150991561624591
production_oracle_median,Global Workspace Theory > Complexity > Structural Complexity > Number of Layers,Number of Layers,Global Workspace Theory > Complexity,Complexity,3,0.523618;0.696373;0.475077,0.47507712681532244,0.1732290720310502,strong support / weakly undemanding > strong support / strongly demanding > moderate support / moderately demanding,8,0.6776334570878335,0.5044043850567833,0.1732290720310502,0.06141599501636033,0.06422692826470489,0.06282146164053261,0.1732290720310502,0.12513218162149026,0.10392018798914168,0.4368927098460496,0.4591871021648087,0.24561501355094512,0.49996120278454315,0.25442378366451174,0.1256429232810652,0.17626954025479294,0.08271501658152522,0.14335489437105894
production_oracle_median,Global Workspace Theory > Complexity > Structural Complexity > Number of Nodes,Number of Nodes,Global Workspace Theory > Complexity,Complexity,3,0.523618;0.696373;0.46471,0.464710012150248,0.16944887392909347,strong support / weakly undemanding > strong support / strongly demanding > moderate support / weakly demanding,8,0.631464762877672,0.4620158889485785,0.16944887392909347,0.05788246737978439,0.0591618946271793,0.058522181003481846,0.16944887392909347,0.12080279524169941,0.13581822100081056,0.465434032243035,0.3987477467561545,0.28942690374378827,0.49711441461526656,0.2134586816409452,0.1170443620069637,0.17021652629476242,0.07751608104401576,0.1388061422059581
production_oracle_median,Global Workspace Theory > Complexity > Structural Complexity > Number of Connections,Number of Connections,Global Workspace Theory > Complexity,Complexity,3,0.523618;0.696373;0.46471,0.464710012150248,0.16944887392909347,strong support / weakly undemanding > strong support / strongly demanding > moderate support / weakly demanding,8,0.631464762877672,0.4620158889485785,0.16944887392909347,0.05788246737978439,0.0591618946271793,0.058522181003481846,0.16944887392909347,0.12080279524169941,0.13581822100081056,0.465434032243035,0.3987477467561545,0.28942690374378827,0.49711441461526656,0.2134586816409452,0.1170443620069637,0.17021652629476242,0.07751608104401576,0.1388061422059581
production_oracle_median,Global Workspace Theory > Selective Attention > Non-Linear Capabilities > Threshold Activation,Threshold Activation,Global Workspace Theory > Selective Attention,Selective Attention,3,0.649418;0.467417;0.482084,0.46741740549876626,0.14633627981898722,strong support / moderately demanding > moderate support / weakly undemanding > strong support / neutral,12,0.783287969986052,0.6369516901670647,0.14633627981898734,0.0501729712567207,0.055594952687207544,0.05288396197196412,0.14633627981898734,0.11474154996708273,0.0469641039527663,0.33949585212236344,0.6135400439248703,0.13180407527255103,0.46248846912076863,0.4057074556066803,0.10576792394392823,0.16173408095115024,0.06736217266350546,0.12939058245146412
production_oracle_median,Global Workspace Theory > Selective Attention > Non-Linear Capabilities > Self-Sustained Activity,Self-Sustained Activity,Global Workspace Theory > Selective Attention,Selective Attention,3,0.649418;0.467417;0.467417,0.46741740549876626,0.14188422704708764,strong support / moderately demanding > moderate support / weakly undemanding > moderate support / weakly undemanding,12,0.7631789679587115,0.621294740911624,0.14188422704708759,0.04579950563139361,0.04999227879591628,0.04789589221365494,0.14188422704708759,0.10923709385723288,0.056084201217100976,0.36147366164837497,0.5824421371345241,0.14341767326119403,0.470575171654364,0.38600715508444194,0.09579178442730989,0.1540230339949677,0.061467616009905815,0.1236442435262402
production_oracle_median,Global Workspace Theory > Selective Attention > Adaptive Focus > Task Focus,Task Focus,Global Workspace Theory > Selective Attention,Selective Attention,3,0.649418;0.649418;0.475077,0.47507712681532244,0.20036083673759397,strong support / moderately demanding > strong support / moderately demanding > moderate support / moderately demanding,12,0.6943652415848699,0.4940044048472759,0.20036083673759397,0.08231735318585859,0.08690557579081912,0.08461146448833885,0.20036083673759397,0.14514097853861074,0.09341260555147494,0.42444430572731034,0.48214308872121475,0.25603154231395947,0.49992810567752927,0.2440403520085113,0.16922292897667773,0.20417648005010663,0.11124697754603083,0.1660710739683166
production_oracle_median,Global Workspace Theory > Selective Attention > Adaptive Focus > Goal Focus Shifts,Goal Focus Shifts,Global Workspace Theory > Selective Attention,Selective Attention,3,0.649418;0.649418;0.475077,0.47507712681532244,0.20036083673759397,strong support / moderately demanding > strong support / moderately demanding > moderate support / moderately demanding,12,0.6943652415848699,0.4940044048472759,0.20036083673759397,0.08231735318585859,0.08690557579081912,0.08461146448833885,0.20036083673759397,0.14514097853861074,0.09341260555147494,0.42444430572731034,0.48214308872121475,0.25603154231395947,0.49992810567752927,0.2440403520085113,0.16922292897667773,0.20417648005010663,0.11124697754603083,0.1660710739683166
production_oracle_median,Global Workspace Theory > Selective Attention > Adaptive Focus > Inattentional Blindness,Inattentional Blindness,Global Workspace Theory > Selective Attention,Selective Attention,3,0.649418;0.649418;0.46471,0.464710012150248,0.1959885703168274,strong support / moderately demanding > strong support / moderately demanding > moderate support / weakly demanding,12,0.6478314270213146,0.4518428567044871,0.19598857031682748,0.07759340754815833,0.07973604568088241,0.07866472661452037,0.19598857031682748,0.13999426784710006,0.12402270379384368,0.4562917383696835,0.4196855578364728,0.3004762537458975,0.49536177909923085,0.20416196715487167,0.15732945322904068,0.1970093728032692,0.10409408192950573,0.16069180645579617
production_oracle_median,Global Workspace Theory > Selective Attention > Attention-Constrained Architecture > Informational Bottleneck,Informational Bottleneck,Global Workspace Theory > Selective Attention,Selective Attention,3,0.649418;0.46471;0.649418,0.464710012150248,0.19598857031682743,strong support / moderately demanding > moderate support / weakly demanding > strong support / moderately demanding,12,0.6629875199289206,0.4669989496120931,0.19598857031682748,0.07784248071617245,0.08067946227938974,0.0792609714977811,0.19598857031682748,0.14051491035737299,0.1135774117236597,0.44687013669483944,0.43955245158150086,0.28409011971461207,0.4978218613465897,0.21808801893879826,0.15852194299556216,0.197734764655269,0.10469665673226183,0.16115251378723905
production_oracle_median,Global Workspace Theory > Selective Attention > Attention-Constrained Architecture > Resource Adaptation,Resource Adaptation,Global Workspace Theory > Selective Attention,Selective Attention,3,0.649418;0.46471;0.482084,0.464710012150248,0.14548866510466982,strong support / moderately demanding > moderate support / weakly demanding > strong support / neutral,12,0.7315993190704139,0.586110653965744,0.14548866510466985,0.04596431902112676,0.04930778405405284,0.0476360515375898,0.14548866510466985,0.10896902499228657,0.0720389255234655,0.39272351081224127,0.5352375636642932,0.1713043907606641,0.4851699105471838,0.3435256986921521,0.09527210307517958,0.1536473203160073,0.06181152573781942,0.1240048472856457
production_oracle_median,Global Workspace Theory > Selective Attention > Performance Sensitivity > Performance Degradation,Performance Degradation,Global Workspace Theory > Selective Attention,Selective Attention,3,0.649418;0.46471;0.475077,0.464710012150248,0.1433740351909129,strong support / moderately demanding > moderate support / weakly demanding > moderate support / moderately demanding,12,0.6519301767452116,0.5085561415542987,0.14337403519091285,0.041849776208050346,0.04321496458785848,0.04253237039795441,0.14337403519091285,0.10301505882921574,0.12115260186061964,0.4538344427883375,0.42501295535104283,0.24151706600399847,0.4998535848834056,0.25862934911259594,0.08506474079590882,0.1452982724432069,0.05613943820802209,0.11822034615670733
production_oracle_median,Global Workspace Theory > Selective Attention > Performance Sensitivity > Priming Enhancement,Priming Enhancement,Global Workspace Theory > Selective Attention,Selective Attention,3,0.649418;0.46471;0.467417,0.464710012150248,0.1410623996866858,strong support / moderately demanding > moderate support / weakly demanding > moderate support / weakly undemanding,12,0.7130628635221106,0.5720004638354247,0.14106239968668588,0.042445907428407245,0.045053510541126995,0.04374970898476712,0.14106239968668588,0.10445145028561995,0.08233292029013095,0.40920843237551696,0.5084586473343521,0.1831836029570916,0.4896318664149674,0.327184530627941,0.08749941796953421,0.1473132055595921,0.05703404439103404,0.11914420863445618
production_oracle_median,Global Workspace Theory > Selective Attention > Performance Sensitivity > Coupling,Coupling,Global Workspace Theory > Selective Attention,Selective Attention,3,0.649418;0.46471;0.467417,0.464710012150248,0.1410623996866858,strong support / moderately demanding > moderate support / weakly demanding > moderate support / weakly undemanding,12,0.7130628635221106,0.5720004638354247,0.14106239968668588,0.042445907428407245,0.045053510541126995,0.04374970898476712,0.14106239968668588,0.10445145028561995,0.08233292029013095,0.40920843237551696,0.5084586473343521,0.1831836029570916,0.4896318664149674,0.327184530627941,0.08749941796953421,0.1473132055595921,0.05703404439103404,0.11914420863445618
production_oracle_median,Global Workspace Theory > Selective Attention > Capability Attention Modulation > Feature Binding,Feature Binding,Global Workspace Theory > Selective Attention,Selective Attention,3,0.649418;0.528258;0.398112,0.3981124863501848,0.1365764862585166,strong support / moderately demanding > strong support / weakly demanding > moderate support / neutral,12,0.7152872138001464,0.5787107275416298,0.1365764862585166,0.039994549373413,0.04245943630709843,0.041226992840255716,0.1365764862585166,0.10140045836267608,0.08106137062568357,0.40730283114834015,0.5116357982259763,0.1774846510885029,0.48760924273973466,0.3349061061717625,0.08245398568051136,0.14303281196749335,0.05369026570498396,0.11561280174645229
production_oracle_median,Global Workspace Theory > Selective Attention > Capability Attention Modulation > Adaptive Learning,Adaptive Learning,Global Workspace Theory > Selective Attention,Selective Attention,3,0.649418;0.528258;0.249932,0.2499324334357257,0.08574183109310095,strong support / moderately demanding > strong support / weakly demanding > moderate support / moderately undemanding,12,0.8356570614811135,0.7499152303880126,0.08574183109310096,0.021468184084108652,0.02381231246236873,0.02264024827323869,0.08574183109310096,0.07512207990775406,0.027008601441022503,0.274668674155728,0.6983227244032495,0.06254239199188084,0.37508475524021323,0.5623728527679059,0.045280496546477374,0.10608867348096278,0.027591666175338016,0.08292356086280964
production_oracle_median,Global Workspace Theory > Integration > Wiring Convergence,Wiring Convergence,Global Workspace Theory > Integration,Integration,2,0.649418;0.649418,0.6494180536299956,0.42174380838057185,strong support / moderately demanding > strong support / moderately demanding,2,0.7778079788930352,0.35606417051246336,0.42174380838057185,0.3713298182069402,0.4069670954700052,0.3891484568384727,0.4217438083805718,0.3090053315510437,0.049369294243597886,0.34564545372673383,0.6049852520296684,0.4146533524978018,0.4585649539794695,0.12678169352272858,0.7782969136769453,0.42644031150471723,0.5079590718987537,0.34954438661304266
production_oracle_median,Global Workspace Theory > Integration > Holistic Dependency,Holistic Dependency,Global Workspace Theory > Integration,Integration,2,0.649418;0.523618,0.5236180323235409,0.340047003397122,strong support / moderately demanding > strong support / weakly undemanding,2,0.8499854219540306,0.5099384185569085,0.3400470033971221,0.25669535065435634,0.3195917632098946,0.28814355693212546,0.3400470033971221,0.2655168250939671,0.022504373626310244,0.2550204088393183,0.7224752175343714,0.24016035360650384,0.4998024556731754,0.2600371907203208,0.5762871138642509,0.3688200561436027,0.36508995518443255,0.2974270250271311
extreme_0p9_0p1,Global Workspace Theory > Representationality > Conceptual Representations > Activation Steering Effects,Activation Steering Effects,Global Workspace Theory > Representationality,Representationality,3,0.8;0.8;0.8,0.8,0.5120000000000001,weak support / strongly undemanding > strong support / weakly demanding > moderate support / weakly demanding,8,0.7560000000000001,0.24400000000000002,0.5120000000000001,0.5790070532538019,0.5790070532538016,0.5790070532538018,0.5120000000000001,0.37551904336222763,0.05953599999999994,0.36892799999999987,0.5715360000000002,0.571536,0.36892800000000003,0.05953600000000001,1.1580141065076037,0.5120000000000001,0.7569791463619483,0.4224484564470251
extreme_0p9_0p1,Global Workspace Theory > Representationality > Conceptual Representations > Probe-Detectable Themes,Probe-Detectable Themes,Global Workspace Theory > Representationality,Representationality,3,0.8;0.8;0.8,0.8,0.5120000000000001,weak support / strongly undemanding > strong support / weakly demanding > moderate support / strongly demanding,8,0.7560000000000001,0.24400000000000002,0.5120000000000001,0.5790070532538019,0.5790070532538016,0.5790070532538018,0.5120000000000001,0.37551904336222763,0.05953599999999994,0.36892799999999987,0.5715360000000002,0.571536,0.36892800000000003,0.05953600000000001,1.1580141065076037,0.5120000000000001,0.7569791463619483,0.4224484564470251
extreme_0p9_0p1,Global Workspace Theory > Representationality > Conceptual Representations > Concept-Specific Ablation Effects,Concept-Specific Ablation Effects,Global Workspace Theory > Representationality,Representationality,3,0.8;0.8;0.8,0.8,0.5120000000000001,weak support / strongly undemanding > strong support / weakly demanding > strong support / strongly demanding,8,0.7560000000000001,0.24400000000000002,0.5120000000000001,0.5790070532538019,0.5790070532538016,0.5790070532538018,0.5120000000000001,0.37551904336222763,0.05953599999999994,0.36892799999999987,0.5715360000000002,0.571536,0.36892800000000003,0.05953600000000001,1.1580141065076037,0.5120000000000001,0.7569791463619483,0.4224484564470251
extreme_0p9_0p1,Global Workspace Theory > Representationality > Propositional Representations > Logical Inference,Logical Inference,Global Workspace Theory > Representationality,Representationality,3,0.8;0.8;0.8,0.8,0.5120000000000001,weak support / strongly undemanding > strong support / moderately demanding > strong support / moderately demanding,8,0.7560000000000001,0.24400000000000002,0.5120000000000001,0.5790070532538019,0.5790070532538016,0.5790070532538018,0.5120000000000001,0.37551904336222763,0.05953599999999994,0.36892799999999987,0.5715360000000002,0.571536,0.36892800000000003,0.05953600000000001,1.1580141065076037,0.5120000000000001,0.7569791463619483,0.4224484564470251
extreme_0p9_0p1,Global Workspace Theory > Representationality > World Modelling > Model Isomorphism,Model Isomorphism,Global Workspace Theory > Representationality,Representationality,3,0.8;0.8;0.8,0.8,0.5120000000000001,weak support / strongly undemanding > strong support / strongly demanding > strong support / weakly demanding,8,0.7560000000000001,0.24400000000000002,0.5120000000000001,0.5790070532538019,0.5790070532538016,0.5790070532538018,0.5120000000000001,0.37551904336222763,0.05953599999999994,0.36892799999999987,0.5715360000000002,0.571536,0.36892800000000003,0.05953600000000001,1.1580141065076037,0.5120000000000001,0.7569791463619483,0.4224484564470251
extreme_0p9_0p1,Global Workspace Theory > Representationality > World Modelling > Broad Predictive Training,Broad Predictive Training,Global Workspace Theory > Representationality,Representationality,3,0.8;0.8;0.8,0.8,0.5120000000000001,weak support / strongly undemanding > strong support / strongly demanding > weak support / moderately undemanding,8,0.7560000000000001,0.24400000000000002,0.5120000000000001,0.5790070532538019,0.5790070532538016,0.5790070532538018,0.5120000000000001,0.37551904336222763,0.05953599999999994,0.36892799999999987,0.5715360000000002,0.571536,0.36892800000000003,0.05953600000000001,1.1580141065076037,0.5120000000000001,0.7569791463619483,0.4224484564470251
extreme_0p9_0p1,Global Workspace Theory > Representationality > Isomorphic Representations > Somatotopic Neural Maps,Somatotopic Neural Maps,Global Workspace Theory > Representationality,Representationality,3,0.8;0.8;0.8,0.8,0.5120000000000001,weak support / strongly undemanding > moderate support / weakly demanding > moderate support / weakly undemanding,8,0.7560000000000001,0.24400000000000002,0.5120000000000001,0.5790070532538019,0.5790070532538016,0.5790070532538018,0.5120000000000001,0.37551904336222763,0.05953599999999994,0.36892799999999987,0.5715360000000002,0.571536,0.36892800000000003,0.05953600000000001,1.1580141065076037,0.5120000000000001,0.7569791463619483,0.4224484564470251
extreme_0p9_0p1,Global Workspace Theory > Representationality > Isomorphic Representations > Has Retinotopic Neural Maps,Has Retinotopic Neural Maps,Global Workspace Theory > Representationality,Representationality,3,0.8;0.8;0.8,0.8,0.5120000000000001,weak support / strongly undemanding > moderate support / weakly demanding > strong support / weakly undemanding,8,0.7560000000000001,0.24400000000000002,0.5120000000000001,0.5790070532538019,0.5790070532538016,0.5790070532538018,0.5120000000000001,0.37551904336222763,0.05953599999999994,0.36892799999999987,0.5715360000000002,0.571536,0.36892800000000003,0.05953600000000001,1.1580141065076037,0.5120000000000001,0.7569791463619483,0.4224484564470251
extreme_0p9_0p1,Global Workspace Theory > Hierarchical Organization > Concrete-Abstract Separation,Concrete-Abstract Separation,Global Workspace Theory > Hierarchical Organization,Hierarchical Organization,2,0.8;0.8,0.8,0.6400000000000001,weak support / moderately undemanding > strong support / neutral,1,0.8200000000000001,0.18000000000000002,0.64,0.9704623931955767,0.9704623931955769,0.9704623931955768,0.64,0.48127444510181316,0.03239999999999998,0.2951999999999999,0.6724000000000001,0.6723999999999999,0.2952,0.032400000000000005,1.9409247863911534,0.64,1.2521345578507312,0.5325868465318573
extreme_0p9_0p1,Global Workspace Theory > Coherence > Autonomous Subparts > Functional Subparts,Functional Subparts,Global Workspace Theory > Coherence,Coherence,3,0.8;0.8;0.8,0.8,0.5120000000000001,strong support / strongly demanding > weak undermining / neutral > moderate support / neutral,13,0.7560000000000001,0.24400000000000002,0.5120000000000001,0.5790070532538019,0.5790070532538016,0.5790070532538018,0.5120000000000001,0.37551904336222763,0.05953599999999994,0.36892799999999987,0.5715360000000002,0.571536,0.36892800000000003,0.05953600000000001,1.1580141065076037,0.5120000000000001,0.7569791463619483,0.4224484564470251
extreme_0p9_0p1,Global Workspace Theory > Coherence > Autonomous Subparts > Conflicting Subparts,Conflicting Subparts,Global Workspace Theory > Coherence,Coherence,3,0.8;0.8;0.8,0.8,0.5120000000000001,strong support / strongly demanding > weak undermining / neutral > moderate support / strongly demanding,13,0.7560000000000001,0.24400000000000002,0.5120000000000001,0.5790070532538019,0.5790070532538016,0.5790070532538018,0.5120000000000001,0.37551904336222763,0.05953599999999994,0.36892799999999987,0.5715360000000002,0.571536,0.36892800000000003,0.05953600000000001,1.1580141065076037,0.5120000000000001,0.7569791463619483,0.4224484564470251
extreme_0p9_0p1,Global Workspace Theory > Coherence > Autonomous Subparts > Information Transfer,Information Transfer,Global Workspace Theory > Coherence,Coherence,3,0.8;0.8;0.8,0.8,0.5120000000000001,strong support / strongly demanding > weak undermining / neutral > moderate support / moderately undemanding,13,0.7560000000000001,0.24400000000000002,0.5120000000000001,0.5790070532538019,0.5790070532538016,0.5790070532538018,0.5120000000000001,0.37551904336222763,0.05953599999999994,0.36892799999999987,0.5715360000000002,0.571536,0.36892800000000003,0.05953600000000001,1.1580141065076037,0.5120000000000001,0.7569791463619483,0.4224484564470251
extreme_0p9_0p1,Global Workspace Theory > Coherence > Autonomous Subparts > Learning Transfer,Learning Transfer,Global Workspace Theory > Coherence,Coherence,3,0.8;0.8;0.8,0.8,0.5120000000000001,strong support / strongly demanding > weak undermining / neutral > moderate support / weakly undemanding,13,0.7560000000000001,0.24400000000000002,0.5120000000000001,0.5790070532538019,0.5790070532538016,0.5790070532538018,0.5120000000000001,0.37551904336222763,0.05953599999999994,0.36892799999999987,0.5715360000000002,0.571536,0.36892800000000003,0.05953600000000001,1.1580141065076037,0.5120000000000001,0.7569791463619483,0.4224484564470251
extreme_0p9_0p1,Global Workspace Theory > Coherence > Autonomous Subparts > Information Transfer Architecture,Information Transfer Architecture,Global Workspace Theory > Coherence,Coherence,3,0.8;0.8;0.8,0.8,0.5120000000000001,strong support / strongly demanding > weak undermining / neutral > moderate support / moderately demanding,13,0.7560000000000001,0.24400000000000002,0.5120000000000001,0.5790070532538019,0.5790070532538016,0.5790070532538018,0.5120000000000001,0.37551904336222763,0.05953599999999994,0.36892799999999987,0.5715360000000002,0.571536,0.36892800000000003,0.05953600000000001,1.1580141065076037,0.5120000000000001,0.7569791463619483,0.4224484564470251
extreme_0p9_0p1,Global Workspace Theory > Coherence > Point of View > Perspective-relative Representations,Perspective-relative Representations,Global Workspace Theory > Coherence,Coherence,3,0.8;0.8;0.8,0.8,0.5120000000000001,strong support / strongly demanding > moderate support / moderately demanding > strong support / moderately demanding,13,0.7560000000000001,0.24400000000000002,0.5120000000000001,0.5790070532538019,0.5790070532538016,0.5790070532538018,0.5120000000000001,0.37551904336222763,0.05953599999999994,0.36892799999999987,0.5715360000000002,0.571536,0.36892800000000003,0.05953600000000001,1.1580141065076037,0.5120000000000001,0.7569791463619483,0.4224484564470251
extreme_0p9_0p1,Global Workspace Theory > Coherence > Point of View > Stable Personality,Stable Personality,Global Workspace Theory > Coherence,Coherence,3,0.8;0.8;0.8,0.8,0.5120000000000001,strong support / strongly demanding > moderate support / moderately demanding > weak support / moderately demanding,13,0.7560000000000001,0.24400000000000002,0.5120000000000001,0.5790070532538019,0.5790070532538016,0.5790070532538018,0.5120000000000001,0.37551904336222763,0.05953599999999994,0.36892799999999987,0.5715360000000002,0.571536,0.36892800000000003,0.05953600000000001,1.1580141065076037,0.5120000000000001,0.7569791463619483,0.4224484564470251
extreme_0p9_0p1,Global Workspace Theory > Coherence > Common Representational Scheme > Authoritative Representational Scheme,Authoritative Representational Scheme,Global Workspace Theory > Coherence,Coherence,3,0.8;0.8;0.8,0.8,0.5120000000000001,strong support / strongly demanding > moderate support / weakly demanding > moderate support / moderately demanding,13,0.7560000000000001,0.24400000000000002,0.5120000000000001,0.5790070532538019,0.5790070532538016,0.5790070532538018,0.5120000000000001,0.37551904336222763,0.05953599999999994,0.36892799999999987,0.5715360000000002,0.571536,0.36892800000000003,0.05953600000000001,1.1580141065076037,0.5120000000000001,0.7569791463619483,0.4224484564470251
extreme_0p9_0p1,Global Workspace Theory > Coherence > Common Representational Scheme > Unified Egocentric Representations,Unified Egocentric Representations,Global Workspace Theory > Coherence,Coherence,3,0.8;0.8;0.8,0.8,0.5120000000000001,strong support / strongly demanding > moderate support / weakly demanding > strong support / weakly demanding,13,0.7560000000000001,0.24400000000000002,0.5120000000000001,0.5790070532538019,0.5790070532538016,0.5790070532538018,0.5120000000000001,0.37551904336222763,0.05953599999999994,0.36892799999999987,0.5715360000000002,0.571536,0.36892800000000003,0.05953600000000001,1.1580141065076037,0.5120000000000001,0.7569791463619483,0.4224484564470251
extreme_0p9_0p1,Global Workspace Theory > Coherence > Common Representational Scheme > Distinguishes Self-Produced from Other-Produced Behavior,Distinguishes Self-Produced from Other-Produced Behavior,Global Workspace Theory > Coherence,Coherence,3,0.8;0.8;0.8,0.8,0.5120000000000001,strong support / strongly demanding > moderate support / weakly demanding > moderate support / neutral,13,0.7560000000000001,0.24400000000000002,0.5120000000000001,0.5790070532538019,0.5790070532538016,0.5790070532538018,0.5120000000000001,0.37551904336222763,0.05953599999999994,0.36892799999999987,0.5715360000000002,0.571536,0.36892800000000003,0.05953600000000001,1.1580141065076037,0.5120000000000001,0.7569791463619483,0.4224484564470251
extreme_0p9_0p1,Global Workspace Theory > Coherence > Social Coherence > Stable Personality,Stable Personality,Global Workspace Theory > Coherence,Coherence,3,0.8;0.8;0.8,0.8,0.5120000000000001,strong support / strongly demanding > moderate support / neutral > moderate support / moderately demanding,13,0.7560000000000001,0.24400000000000002,0.5120000000000001,0.5790070532538019,0.5790070532538016,0.5790070532538018,0.5120000000000001,0.37551904336222763,0.05953599999999994,0.36892799999999987,0.5715360000000002,0.571536,0.36892800000000003,0.05953600000000001,1.1580141065076037,0.5120000000000001,0.7569791463619483,0.4224484564470251
extreme_0p9_0p1,Global Workspace Theory > Coherence > Social Coherence > Persistence Seeking,Persistence Seeking,Global Workspace Theory > Coherence,Coherence,3,0.8;0.8;0.8,0.8,0.5120000000000001,strong support / strongly demanding > moderate support / neutral > weak support / weakly undemanding,13,0.7560000000000001,0.24400000000000002,0.5120000000000001,0.5790070532538019,0.5790070532538016,0.5790070532538018,0.5120000000000001,0.37551904336222763,0.05953599999999994,0.36892799999999987,0.5715360000000002,0.571536,0.36892800000000003,0.05953600000000001,1.1580141065076037,0.5120000000000001,0.7569791463619483,0.4224484564470251
extreme_0p9_0p1,Global Workspace Theory > Coherence > Social Coherence > Stable Social Interactions,Stable Social Interactions,Global Workspace Theory > Coherence,Coherence,3,0.8;0.8;0.8,0.8,0.5120000000000001,strong support / strongly demanding > moderate support / neutral > strong support / weakly demanding,13,0.7560000000000001,0.24400000000000002,0.5120000000000001,0.5790070532538019,0.5790070532538016,0.5790070532538018,0.5120000000000001,0.37551904336222763,0.05953599999999994,0.36892799999999987,0.5715360000000002,0.571536,0.36892800000000003,0.05953600000000001,1.1580141065076037,0.5120000000000001,0.7569791463619483,0.4224484564470251
extreme_0p9_0p1,Global Workspace Theory > Modularity > Cross-Modal Learning Deficits,Cross-Modal Learning Deficits,Global Workspace Theory > Modularity,Modularity,2,0.8;0.8,0.8,0.6400000000000001,weak support / moderately demanding > strong support / moderately undemanding,6,0.8200000000000001,0.18000000000000002,0.64,0.9704623931955767,0.9704623931955769,0.9704623931955768,0.64,0.48127444510181316,0.03239999999999998,0.2951999999999999,0.6724000000000001,0.6723999999999999,0.2952,0.032400000000000005,1.9409247863911534,0.64,1.2521345578507312,0.5325868465318573
extreme_0p9_0p1,Global Workspace Theory > Modularity > Selective Competence Disruption,Selective Competence Disruption,Global Workspace Theory > Modularity,Modularity,2,0.8;0.8,0.8,0.6400000000000001,weak support / moderately demanding > strong support / moderately demanding,6,0.8200000000000001,0.18000000000000002,0.64,0.9704623931955767,0.9704623931955769,0.9704623931955768,0.64,0.48127444510181316,0.03239999999999998,0.2951999999999999,0.6724000000000001,0.6723999999999999,0.2952,0.032400000000000005,1.9409247863911534,0.64,1.2521345578507312,0.5325868465318573
extreme_0p9_0p1,Global Workspace Theory > Modularity > Poorly Intraconnected Networks,Poorly Intraconnected Networks,Global Workspace Theory > Modularity,Modularity,2,0.8;0.8,0.8,0.6400000000000001,weak support / moderately demanding > moderate support / moderately demanding,6,0.8200000000000001,0.18000000000000002,0.64,0.9704623931955767,0.9704623931955769,0.9704623931955768,0.64,0.48127444510181316,0.03239999999999998,0.2951999999999999,0.6724000000000001,0.6723999999999999,0.2952,0.032400000000000005,1.9409247863911534,0.64,1.2521345578507312,0.5325868465318573
extreme_0p9_0p1,Global Workspace Theory > Modularity > Dedicated Speech Systems,Dedicated Speech Systems,Global Workspace Theory > Modularity,Modularity,2,0.8;0.8,0.8,0.6400000000000001,weak support / moderately demanding > moderate support / moderately demanding,6,0.8200000000000001,0.18000000000000002,0.64,0.9704623931955767,0.9704623931955769,0.9704623931955768,0.64,0.48127444510181316,0.03239999999999998,0.2951999999999999,0.6724000000000001,0.6723999999999999,0.2952,0.032400000000000005,1.9409247863911534,0.64,1.2521345578507312,0.5325868465318573
extreme_0p9_0p1,Global Workspace Theory > Modularity > Dedicated Action Systems,Dedicated Action Systems,Global Workspace Theory > Modularity,Modularity,2,0.8;0.8,0.8,0.6400000000000001,weak support / moderately demanding > strong support / weakly undemanding,6,0.8200000000000001,0.18000000000000002,0.64,0.9704623931955767,0.9704623931955769,0.9704623931955768,0.64,0.48127444510181316,0.03239999999999998,0.2951999999999999,0.6724000000000001,0.6723999999999999,0.2952,0.032400000000000005,1.9409247863911534,0.64,1.2521345578507312,0.5325868465318573
extreme_0p9_0p1,Global Workspace Theory > Modularity > Dedicated Sensory Systems,Dedicated Sensory Systems,Global Workspace Theory > Modularity,Modularity,2,0.8;0.8,0.8,0.6400000000000001,weak support / moderately demanding > strong support / moderately undemanding,6,0.8200000000000001,0.18000000000000002,0.64,0.9704623931955767,0.9704623931955769,0.9704623931955768,0.64,0.48127444510181316,0.03239999999999998,0.2951999999999999,0.6724000000000001,0.6723999999999999,0.2952,0.032400000000000005,1.9409247863911534,0.64,1.2521345578507312,0.5325868465318573
extreme_0p9_0p1,Global Workspace Theory > Complexity > Functional Diversity > Diversity of Tasks,Diversity of Tasks,Global Workspace Theory > Complexity,Complexity,3,0.8;0.8;0.8,0.8,0.5120000000000001,strong support / weakly undemanding > moderate support / weakly demanding > strong support / weakly demanding,8,0.7560000000000001,0.24400000000000002,0.5120000000000001,0.5790070532538019,0.5790070532538016,0.5790070532538018,0.5120000000000001,0.37551904336222763,0.05953599999999994,0.36892799999999987,0.5715360000000002,0.571536,0.36892800000000003,0.05953600000000001,1.1580141065076037,0.5120000000000001,0.7569791463619483,0.4224484564470251
extreme_0p9_0p1,Global Workspace Theory > Complexity > Functional Diversity > Variability of Responses to Stimuli,Variability of Responses to Stimuli,Global Workspace Theory > Complexity,Complexity,3,0.8;0.8;0.8,0.8,0.5120000000000001,strong support / weakly undemanding > moderate support / weakly demanding > weak support / moderately undemanding,8,0.7560000000000001,0.24400000000000002,0.5120000000000001,0.5790070532538019,0.5790070532538016,0.5790070532538018,0.5120000000000001,0.37551904336222763,0.05953599999999994,0.36892799999999987,0.5715360000000002,0.571536,0.36892800000000003,0.05953600000000001,1.1580141065076037,0.5120000000000001,0.7569791463619483,0.4224484564470251
extreme_0p9_0p1,Global Workspace Theory > Complexity > Informational Complexity > Optimized Componentry,Optimized Componentry,Global Workspace Theory > Complexity,Complexity,3,0.8;0.8;0.8,0.8,0.5120000000000001,strong support / weakly undemanding > strong support / moderately demanding > weak support / neutral,8,0.7560000000000001,0.24400000000000002,0.5120000000000001,0.5790070532538019,0.5790070532538016,0.5790070532538018,0.5120000000000001,0.37551904336222763,0.05953599999999994,0.36892799999999987,0.5715360000000002,0.571536,0.36892800000000003,0.05953600000000001,1.1580141065076037,0.5120000000000001,0.7569791463619483,0.4224484564470251
extreme_0p9_0p1,Global Workspace Theory > Complexity > Informational Complexity > Compressibility,Compressibility,Global Workspace Theory > Complexity,Complexity,3,0.8;0.8;0.8,0.8,0.5120000000000001,strong support / weakly undemanding > strong support / moderately demanding > moderate support / neutral,8,0.7560000000000001,0.24400000000000002,0.5120000000000001,0.5790070532538019,0.5790070532538016,0.5790070532538018,0.5120000000000001,0.37551904336222763,0.05953599999999994,0.36892799999999987,0.5715360000000002,0.571536,0.36892800000000003,0.05953600000000001,1.1580141065076037,0.5120000000000001,0.7569791463619483,0.4224484564470251
extreme_0p9_0p1,Global Workspace Theory > Complexity > Structural Complexity > Functional Specialization,Functional Specialization,Global Workspace Theory > Complexity,Complexity,3,0.8;0.8;0.8,0.8,0.5120000000000001,strong support / weakly undemanding > strong support / strongly demanding > strong support / neutral,8,0.7560000000000001,0.24400000000000002,0.5120000000000001,0.5790070532538019,0.5790070532538016,0.5790070532538018,0.5120000000000001,0.37551904336222763,0.05953599999999994,0.36892799999999987,0.5715360000000002,0.571536,0.36892800000000003,0.05953600000000001,1.1580141065076037,0.5120000000000001,0.7569791463619483,0.4224484564470251
extreme_0p9_0p1,Global Workspace Theory > Complexity > Structural Complexity > Number of Layers,Number of Layers,Global Workspace Theory > Complexity,Complexity,3,0.8;0.8;0.8,0.8,0.5120000000000001,strong support / weakly undemanding > strong support / strongly demanding > moderate support / moderately demanding,8,0.7560000000000001,0.24400000000000002,0.5120000000000001,0.5790070532538019,0.5790070532538016,0.5790070532538018,0.5120000000000001,0.37551904336222763,0.05953599999999994,0.36892799999999987,0.5715360000000002,0.571536,0.36892800000000003,0.05953600000000001,1.1580141065076037,0.5120000000000001,0.7569791463619483,0.4224484564470251
extreme_0p9_0p1,Global Workspace Theory > Complexity > Structural Complexity > Number of Nodes,Number of Nodes,Global Workspace Theory > Complexity,Complexity,3,0.8;0.8;0.8,0.8,0.5120000000000001,strong support / weakly undemanding > strong support / strongly demanding > moderate support / weakly demanding,8,0.7560000000000001,0.24400000000000002,0.5120000000000001,0.5790070532538019,0.5790070532538016,0.5790070532538018,0.5120000000000001,0.37551904336222763,0.05953599999999994,0.36892799999999987,0.5715360000000002,0.571536,0.36892800000000003,0.05953600000000001,1.1580141065076037,0.5120000000000001,0.7569791463619483,0.4224484564470251
extreme_0p9_0p1,Global Workspace Theory > Complexity > Structural Complexity > Number of Connections,Number of Connections,Global Workspace Theory > Complexity,Complexity,3,0.8;0.8;0.8,0.8,0.5120000000000001,strong support / weakly undemanding > strong support / strongly demanding > moderate support / weakly demanding,8,0.7560000000000001,0.24400000000000002,0.5120000000000001,0.5790070532538019,0.5790070532538016,0.5790070532538018,0.5120000000000001,0.37551904336222763,0.05953599999999994,0.36892799999999987,0.5715360000000002,0.571536,0.36892800000000003,0.05953600000000001,1.1580141065076037,0.5120000000000001,0.7569791463619483,0.4224484564470251
extreme_0p9_0p1,Global Workspace Theory > Selective Attention > Non-Linear Capabilities > Threshold Activation,Threshold Activation,Global Workspace Theory > Selective Attention,Selective Attention,3,0.8;0.8;0.8,0.8,0.5120000000000001,strong support / moderately demanding > moderate support / weakly undemanding > strong support / neutral,12,0.7560000000000001,0.24400000000000002,0.5120000000000001,0.5790070532538019,0.5790070532538016,0.5790070532538018,0.5120000000000001,0.37551904336222763,0.05953599999999994,0.36892799999999987,0.5715360000000002,0.571536,0.36892800000000003,0.05953600000000001,1.1580141065076037,0.5120000000000001,0.7569791463619483,0.4224484564470251
extreme_0p9_0p1,Global Workspace Theory > Selective Attention > Non-Linear Capabilities > Self-Sustained Activity,Self-Sustained Activity,Global Workspace Theory > Selective Attention,Selective Attention,3,0.8;0.8;0.8,0.8,0.5120000000000001,strong support / moderately demanding > moderate support / weakly undemanding > moderate support / weakly undemanding,12,0.7560000000000001,0.24400000000000002,0.5120000000000001,0.5790070532538019,0.5790070532538016,0.5790070532538018,0.5120000000000001,0.37551904336222763,0.05953599999999994,0.36892799999999987,0.5715360000000002,0.571536,0.36892800000000003,0.05953600000000001,1.1580141065076037,0.5120000000000001,0.7569791463619483,0.4224484564470251
extreme_0p9_0p1,Global Workspace Theory > Selective Attention > Adaptive Focus > Task Focus,Task Focus,Global Workspace Theory > Selective Attention,Selective Attention,3,0.8;0.8;0.8,0.8,0.5120000000000001,strong support / moderately demanding > strong support / moderately demanding > moderate support / moderately demanding,12,0.7560000000000001,0.24400000000000002,0.5120000000000001,0.5790070532538019,0.5790070532538016,0.5790070532538018,0.5120000000000001,0.37551904336222763,0.05953599999999994,0.36892799999999987,0.5715360000000002,0.571536,0.36892800000000003,0.05953600000000001,1.1580141065076037,0.5120000000000001,0.7569791463619483,0.4224484564470251
extreme_0p9_0p1,Global Workspace Theory > Selective Attention > Adaptive Focus > Goal Focus Shifts,Goal Focus Shifts,Global Workspace Theory > Selective Attention,Selective Attention,3,0.8;0.8;0.8,0.8,0.5120000000000001,strong support / moderately demanding > strong support / moderately demanding > moderate support / moderately demanding,12,0.7560000000000001,0.24400000000000002,0.5120000000000001,0.5790070532538019,0.5790070532538016,0.5790070532538018,0.5120000000000001,0.37551904336222763,0.05953599999999994,0.36892799999999987,0.5715360000000002,0.571536,0.36892800000000003,0.05953600000000001,1.1580141065076037,0.5120000000000001,0.7569791463619483,0.4224484564470251
extreme_0p9_0p1,Global Workspace Theory > Selective Attention > Adaptive Focus > Inattentional Blindness,Inattentional Blindness,Global Workspace Theory > Selective Attention,Selective Attention,3,0.8;0.8;0.8,0.8,0.5120000000000001,strong support / moderately demanding > strong support / moderately demanding > moderate support / weakly demanding,12,0.7560000000000001,0.24400000000000002,0.5120000000000001,0.5790070532538019,0.5790070532538016,0.5790070532538018,0.5120000000000001,0.37551904336222763,0.05953599999999994,0.36892799999999987,0.5715360000000002,0.571536,0.36892800000000003,0.05953600000000001,1.1580141065076037,0.5120000000000001,0.7569791463619483,0.4224484564470251
extreme_0p9_0p1,Global Workspace Theory > Selective Attention > Attention-Constrained Architecture > Informational Bottleneck,Informational Bottleneck,Global Workspace Theory > Selective Attention,Selective Attention,3,0.8;0.8;0.8,0.8,0.5120000000000001,strong support / moderately demanding > moderate support / weakly demanding > strong support / moderately demanding,12,0.7560000000000001,0.24400000000000002,0.5120000000000001,0.5790070532538019,0.5790070532538016,0.5790070532538018,0.5120000000000001,0.37551904336222763,0.05953599999999994,0.36892799999999987,0.5715360000000002,0.571536,0.36892800000000003,0.05953600000000001,1.1580141065076037,0.5120000000000001,0.7569791463619483,0.4224484564470251
extreme_0p9_0p1,Global Workspace Theory > Selective Attention > Attention-Constrained Architecture > Resource Adaptation,Resource Adaptation,Global Workspace Theory > Selective Attention,Selective Attention,3,0.8;0.8;0.8,0.8,0.5120000000000001,strong support / moderately demanding > moderate support / weakly demanding > strong support / neutral,12,0.7560000000000001,0.24400000000000002,0.5120000000000001,0.5790070532538019,0.5790070532538016,0.5790070532538018,0.5120000000000001,0.37551904336222763,0.05953599999999994,0.36892799999999987,0.5715360000000002,0.571536,0.36892800000000003,0.05953600000000001,1.1580141065076037,0.5120000000000001,0.7569791463619483,0.4224484564470251
extreme_0p9_0p1,Global Workspace Theory > Selective Attention > Performance Sensitivity > Performance Degradation,Performance Degradation,Global Workspace Theory > Selective Attention,Selective Attention,3,0.8;0.8;0.8,0.8,0.5120000000000001,strong support / moderately demanding > moderate support / weakly demanding > moderate support / moderately demanding,12,0.7560000000000001,0.24400000000000002,0.5120000000000001,0.5790070532538019,0.5790070532538016,0.5790070532538018,0.5120000000000001,0.37551904336222763,0.05953599999999994,0.36892799999999987,0.5715360000000002,0.571536,0.36892800000000003,0.05953600000000001,1.1580141065076037,0.5120000000000001,0.7569791463619483,0.4224484564470251
extreme_0p9_0p1,Global Workspace Theory > Selective Attention > Performance Sensitivity > Priming Enhancement,Priming Enhancement,Global Workspace Theory > Selective Attention,Selective Attention,3,0.8;0.8;0.8,0.8,0.5120000000000001,strong support / moderately demanding > moderate support / weakly demanding > moderate support / weakly undemanding,12,0.7560000000000001,0.24400000000000002,0.5120000000000001,0.5790070532538019,0.5790070532538016,0.5790070532538018,0.5120000000000001,0.37551904336222763,0.05953599999999994,0.36892799999999987,0.5715360000000002,0.571536,0.36892800000000003,0.05953600000000001,1.1580141065076037,0.5120000000000001,0.7569791463619483,0.4224484564470251
extreme_0p9_0p1,Global Workspace Theory > Selective Attention > Performance Sensitivity > Coupling,Coupling,Global Workspace Theory > Selective Attention,Selective Attention,3,0.8;0.8;0.8,0.8,0.5120000000000001,strong support / moderately demanding > moderate support / weakly demanding > moderate support / weakly undemanding,12,0.7560000000000001,0.24400000000000002,0.5120000000000001,0.5790070532538019,0.5790070532538016,0.5790070532538018,0.5120000000000001,0.37551904336222763,0.05953599999999994,0.36892799999999987,0.5715360000000002,0.571536,0.36892800000000003,0.05953600000000001,1.1580141065076037,0.5120000000000001,0.7569791463619483,0.4224484564470251
extreme_0p9_0p1,Global Workspace Theory > Selective Attention > Capability Attention Modulation > Feature Binding,Feature Binding,Global Workspace Theory > Selective Attention,Selective Attention,3,0.8;0.8;0.8,0.8,0.5120000000000001,strong support / moderately demanding > strong support / weakly demanding > moderate support / neutral,12,0.7560000000000001,0.24400000000000002,0.5120000000000001,0.5790070532538019,0.5790070532538016,0.5790070532538018,0.5120000000000001,0.37551904336222763,0.05953599999999994,0.36892799999999987,0.5715360000000002,0.571536,0.36892800000000003,0.05953600000000001,1.1580141065076037,0.5120000000000001,0.7569791463619483,0.4224484564470251
extreme_0p9_0p1,Global Workspace Theory > Selective Attention > Capability Attention Modulation > Adaptive Learning,Adaptive Learning,Global Workspace Theory > Selective Attention,Selective Attention,3,0.8;0.8;0.8,0.8,0.5120000000000001,strong support / moderately demanding > strong support / weakly demanding > moderate support / moderately undemanding,12,0.7560000000000001,0.24400000000000002,0.5120000000000001,0.5790070532538019,0.5790070532538016,0.5790070532538018,0.5120000000000001,0.37551904336222763,0.05953599999999994,0.36892799999999987,0.5715360000000002,0.571536,0.36892800000000003,0.05953600000000001,1.1580141065076037,0.5120000000000001,0.7569791463619483,0.4224484564470251
extreme_0p9_0p1,Global Workspace Theory > Integration > Wiring Convergence,Wiring Convergence,Global Workspace Theory > Integration,Integration,2,0.8;0.8,0.8,0.6400000000000001,strong support / moderately demanding > strong support / moderately demanding,2,0.8200000000000001,0.18000000000000002,0.64,0.9704623931955767,0.9704623931955769,0.9704623931955768,0.64,0.48127444510181316,0.03239999999999998,0.2951999999999999,0.6724000000000001,0.6723999999999999,0.2952,0.032400000000000005,1.9409247863911534,0.64,1.2521345578507312,0.5325868465318573
extreme_0p9_0p1,Global Workspace Theory > Integration > Holistic Dependency,Holistic Dependency,Global Workspace Theory > Integration,Integration,2,0.8;0.8,0.8,0.6400000000000001,strong support / moderately demanding > strong support / weakly undemanding,2,0.8200000000000001,0.18000000000000002,0.64,0.9704623931955767,0.9704623931955769,0.9704623931955768,0.64,0.48127444510181316,0.03239999999999998,0.2951999999999999,0.6724000000000001,0.6723999999999999,0.2952,0.032400000000000005,1.9409247863911534,0.64,1.2521345578507312,0.5325868465318573
